quarter,county,salary
2005 I,Harju maakond,552
2005 II,Harju maakond,611
2005 III,Harju maakond,574
2005 IV,Harju maakond,637
2006 I,Harju maakond,639
2006 II,Harju maakond,696
2006 III,Harju maakond,670
2006 IV,Harju maakond,746
2007 I,Harju maakond,766
2007 II,Harju maakond,831
2007 III,Harju maakond,790
2007 IV,Harju maakond,882
2008 I,Harju maakond,897
2008 II,Harju maakond,947
2008 III,Harju maakond,891
2008 IV,Harju maakond,932
2009 I,Harju maakond,880
2009 II,Harju maakond,912
2009 III,Harju maakond,851
2009 IV,Harju maakond,880
2010 I,Harju maakond,852
2010 II,Harju maakond,914
2010 III,Harju maakond,853
2010 IV,Harju maakond,905
2011 I,Harju maakond,896
2011 II,Harju maakond,958
2011 III,Harju maakond,915
2011 IV,Harju maakond,974
2012 I,Harju maakond,959
2012 II,Harju maakond,1008
2012 III,Harju maakond,970
2012 IV,Harju maakond,1028
2013 I,Harju maakond,1022
2013 II,Harju maakond,1096
2013 III,Harju maakond,1059
2013 IV,Harju maakond,1106
2014 I,Harju maakond,1090
2014 II,Harju maakond,1146
2014 III,Harju maakond,1100
2014 IV,Harju maakond,1160
2015 I,Harju maakond,1130
2015 II,Harju maakond,1194
2015 III,Harju maakond,1169
2015 IV,Harju maakond,1226
2016 I,Harju maakond,1220
2016 II,Harju maakond,1279
2016 III,Harju maakond,1253
2016 IV,Harju maakond,1299
2017 I,Harju maakond,1284
2017 II,Harju maakond,1372
2017 III,Harju maakond,1337
2017 IV,Harju maakond,1403
2018 I,Harju maakond,1386
2018 II,Harju maakond,1469
2018 III,Harju maakond,1435
2018 IV,Harju maakond,1531
2019 I,Harju maakond,1469
2019 II,Harju maakond,1545
2019 III,Harju maakond,1519
2019 IV,Harju maakond,1591
2020 I,Harju maakond,1546
2020 II,Harju maakond,1574
2020 III,Harju maakond,1583
2020 IV,Harju maakond,1653
2021 I,Harju maakond,1593
2021 II,Harju maakond,1650
2021 III,Harju maakond,1654
2021 IV,Harju maakond,1730
2022 I,Harju maakond,1751
2022 II,Harju maakond,1868
2022 III,Harju maakond,1854
2022 IV,Harju maakond,1946
2023 I,Harju maakond,1975
2023 II,Harju maakond,2093
2023 III,Harju maakond,2040
2023 IV,Harju maakond,2121
2024 I,Harju maakond,2139
2024 II,Harju maakond,2233
2024 III,Harju maakond,2200
2024 IV,Harju maakond,2299
2025 I,Harju maakond,2263
2025 II,Harju maakond,2365
2025 III,Harju maakond,2324
2025 IV,Harju maakond,2392
2026 I,Harju maakond,2406
2026 II,Harju maakond,2488
2005 I,Hiiu maakond,400
2005 II,Hiiu maakond,417
2005 III,Hiiu maakond,441
2005 IV,Hiiu maakond,475
2006 I,Hiiu maakond,440
2006 II,Hiiu maakond,490
2006 III,Hiiu maakond,477
2006 IV,Hiiu maakond,506
2007 I,Hiiu maakond,491
2007 II,Hiiu maakond,561
2007 III,Hiiu maakond,534
2007 IV,Hiiu maakond,620
2008 I,Hiiu maakond,621
2008 II,Hiiu maakond,655
2008 III,Hiiu maakond,569
2008 IV,Hiiu maakond,649
2009 I,Hiiu maakond,611
2009 II,Hiiu maakond,618
2009 III,Hiiu maakond,577
2009 IV,Hiiu maakond,609
2010 I,Hiiu maakond,610
2010 II,Hiiu maakond,625
2010 III,Hiiu maakond,588
2010 IV,Hiiu maakond,685
2011 I,Hiiu maakond,656
2011 II,Hiiu maakond,695
2011 III,Hiiu maakond,649
2011 IV,Hiiu maakond,717
2012 I,Hiiu maakond,770
2012 II,Hiiu maakond,787
2012 III,Hiiu maakond,708
2012 IV,Hiiu maakond,820
2013 I,Hiiu maakond,768
2013 II,Hiiu maakond,827
2013 III,Hiiu maakond,803
2013 IV,Hiiu maakond,846
2014 I,Hiiu maakond,803
2014 II,Hiiu maakond,894
2014 III,Hiiu maakond,967
2014 IV,Hiiu maakond,1231
2015 I,Hiiu maakond,823
2015 II,Hiiu maakond,855
2015 III,Hiiu maakond,879
2015 IV,Hiiu maakond,899
2016 I,Hiiu maakond,842
2016 II,Hiiu maakond,937
2016 III,Hiiu maakond,866
2016 IV,Hiiu maakond,933
2017 I,Hiiu maakond,868
2017 II,Hiiu maakond,869
2017 III,Hiiu maakond,879
2017 IV,Hiiu maakond,887
2018 I,Hiiu maakond,896
2018 II,Hiiu maakond,967
2018 III,Hiiu maakond,927
2018 IV,Hiiu maakond,989
2019 I,Hiiu maakond,950
2019 II,Hiiu maakond,971
2019 III,Hiiu maakond,1008
2019 IV,Hiiu maakond,1042
2020 I,Hiiu maakond,996
2020 II,Hiiu maakond,1025
2020 III,Hiiu maakond,1071
2020 IV,Hiiu maakond,1163
2021 I,Hiiu maakond,1104
2021 II,Hiiu maakond,1157
2021 III,Hiiu maakond,1137
2021 IV,Hiiu maakond,1216
2022 I,Hiiu maakond,1186
2022 II,Hiiu maakond,1250
2022 III,Hiiu maakond,1266
2022 IV,Hiiu maakond,1334
2023 I,Hiiu maakond,1318
2023 II,Hiiu maakond,1404
2023 III,Hiiu maakond,1396
2023 IV,Hiiu maakond,1476
2024 I,Hiiu maakond,1478
2024 II,Hiiu maakond,1525
2024 III,Hiiu maakond,1545
2024 IV,Hiiu maakond,1600
2025 I,Hiiu maakond,1567
2025 II,Hiiu maakond,1597
2025 III,Hiiu maakond,1601
2025 IV,Hiiu maakond,1687
2026 I,Hiiu maakond,1663
2026 II,Hiiu maakond,1712
2005 I,Ida-Viru maakond,356
2005 II,Ida-Viru maakond,398
2005 III,Ida-Viru maakond,376
2005 IV,Ida-Viru maakond,413
2006 I,Ida-Viru maakond,400
2006 II,Ida-Viru maakond,450
2006 III,Ida-Viru maakond,425
2006 IV,Ida-Viru maakond,466
2007 I,Ida-Viru maakond,468
2007 II,Ida-Viru maakond,561
2007 III,Ida-Viru maakond,512
2007 IV,Ida-Viru maakond,596
2008 I,Ida-Viru maakond,610
2008 II,Ida-Viru maakond,690
2008 III,Ida-Viru maakond,640
2008 IV,Ida-Viru maakond,684
2009 I,Ida-Viru maakond,624
2009 II,Ida-Viru maakond,660
2009 III,Ida-Viru maakond,607
2009 IV,Ida-Viru maakond,646
2010 I,Ida-Viru maakond,627
2010 II,Ida-Viru maakond,706
2010 III,Ida-Viru maakond,619
2010 IV,Ida-Viru maakond,677
2011 I,Ida-Viru maakond,652
2011 II,Ida-Viru maakond,707
2011 III,Ida-Viru maakond,642
2011 IV,Ida-Viru maakond,695
2012 I,Ida-Viru maakond,706
2012 II,Ida-Viru maakond,739
2012 III,Ida-Viru maakond,683
2012 IV,Ida-Viru maakond,744
2013 I,Ida-Viru maakond,744
2013 II,Ida-Viru maakond,810
2013 III,Ida-Viru maakond,757
2013 IV,Ida-Viru maakond,819
2014 I,Ida-Viru maakond,804
2014 II,Ida-Viru maakond,828
2014 III,Ida-Viru maakond,769
2014 IV,Ida-Viru maakond,829
2015 I,Ida-Viru maakond,812
2015 II,Ida-Viru maakond,890
2015 III,Ida-Viru maakond,828
2015 IV,Ida-Viru maakond,889
2016 I,Ida-Viru maakond,866
2016 II,Ida-Viru maakond,903
2016 III,Ida-Viru maakond,858
2016 IV,Ida-Viru maakond,949
2017 I,Ida-Viru maakond,932
2017 II,Ida-Viru maakond,1029
2017 III,Ida-Viru maakond,956
2017 IV,Ida-Viru maakond,1043
2018 I,Ida-Viru maakond,1009
2018 II,Ida-Viru maakond,1075
2018 III,Ida-Viru maakond,1028
2018 IV,Ida-Viru maakond,1102
2019 I,Ida-Viru maakond,1122
2019 II,Ida-Viru maakond,1175
2019 III,Ida-Viru maakond,1111
2019 IV,Ida-Viru maakond,1182
2020 I,Ida-Viru maakond,1138
2020 II,Ida-Viru maakond,1158
2020 III,Ida-Viru maakond,1148
2020 IV,Ida-Viru maakond,1202
2021 I,Ida-Viru maakond,1102
2021 II,Ida-Viru maakond,1163
2021 III,Ida-Viru maakond,1131
2021 IV,Ida-Viru maakond,1184
2022 I,Ida-Viru maakond,1176
2022 II,Ida-Viru maakond,1312
2022 III,Ida-Viru maakond,1259
2022 IV,Ida-Viru maakond,1334
2023 I,Ida-Viru maakond,1328
2023 II,Ida-Viru maakond,1504
2023 III,Ida-Viru maakond,1408
2023 IV,Ida-Viru maakond,1508
2024 I,Ida-Viru maakond,1487
2024 II,Ida-Viru maakond,1646
2024 III,Ida-Viru maakond,1537
2024 IV,Ida-Viru maakond,1637
2025 I,Ida-Viru maakond,1590
2025 II,Ida-Viru maakond,1708
2025 III,Ida-Viru maakond,1653
2025 IV,Ida-Viru maakond,1726
2026 I,Ida-Viru maakond,1677
2026 II,Ida-Viru maakond,1852
2005 I,Järva maakond,390
2005 II,Järva maakond,461
2005 III,Järva maakond,427
2005 IV,Järva maakond,479
2006 I,Järva maakond,447
2006 II,Järva maakond,528
2006 III,Järva maakond,494
2006 IV,Järva maakond,574
2007 I,Järva maakond,545
2007 II,Järva maakond,643
2007 III,Järva maakond,611
2007 IV,Järva maakond,694
2008 I,Järva maakond,662
2008 II,Järva maakond,729
2008 III,Järva maakond,703
2008 IV,Järva maakond,717
2009 I,Järva maakond,620
2009 II,Järva maakond,655
2009 III,Järva maakond,600
2009 IV,Järva maakond,624
2010 I,Järva maakond,586
2010 II,Järva maakond,647
2010 III,Järva maakond,610
2010 IV,Järva maakond,650
2011 I,Järva maakond,604
2011 II,Järva maakond,666
2011 III,Järva maakond,624
2011 IV,Järva maakond,688
2012 I,Järva maakond,651
2012 II,Järva maakond,719
2012 III,Järva maakond,691
2012 IV,Järva maakond,705
2013 I,Järva maakond,687
2013 II,Järva maakond,786
2013 III,Järva maakond,728
2013 IV,Järva maakond,765
2014 I,Järva maakond,755
2014 II,Järva maakond,852
2014 III,Järva maakond,782
2014 IV,Järva maakond,855
2015 I,Järva maakond,835
2015 II,Järva maakond,919
2015 III,Järva maakond,856
2015 IV,Järva maakond,918
2016 I,Järva maakond,882
2016 II,Järva maakond,980
2016 III,Järva maakond,915
2016 IV,Järva maakond,1000
2017 I,Järva maakond,923
2017 II,Järva maakond,997
2017 III,Järva maakond,1007
2017 IV,Järva maakond,1038
2018 I,Järva maakond,1005
2018 II,Järva maakond,1091
2018 III,Järva maakond,1107
2018 IV,Järva maakond,1147
2019 I,Järva maakond,1101
2019 II,Järva maakond,1203
2019 III,Järva maakond,1212
2019 IV,Järva maakond,1248
2020 I,Järva maakond,1223
2020 II,Järva maakond,1202
2020 III,Järva maakond,1283
2020 IV,Järva maakond,1418
2021 I,Järva maakond,1168
2021 II,Järva maakond,1273
2021 III,Järva maakond,1271
2021 IV,Järva maakond,1357
2022 I,Järva maakond,1249
2022 II,Järva maakond,1402
2022 III,Järva maakond,1404
2022 IV,Järva maakond,1471
2023 I,Järva maakond,1423
2023 II,Järva maakond,1564
2023 III,Järva maakond,1528
2023 IV,Järva maakond,1594
2024 I,Järva maakond,1558
2024 II,Järva maakond,1661
2024 III,Järva maakond,1646
2024 IV,Järva maakond,1729
2025 I,Järva maakond,1643
2025 II,Järva maakond,1758
2025 III,Järva maakond,1761
2025 IV,Järva maakond,1826
2026 I,Järva maakond,1758
2026 II,Järva maakond,1872
2005 I,Jõgeva maakond,394
2005 II,Jõgeva maakond,461
2005 III,Jõgeva maakond,414
2005 IV,Jõgeva maakond,473
2006 I,Jõgeva maakond,431
2006 II,Jõgeva maakond,504
2006 III,Jõgeva maakond,457
2006 IV,Jõgeva maakond,533
2007 I,Jõgeva maakond,496
2007 II,Jõgeva maakond,597
2007 III,Jõgeva maakond,570
2007 IV,Jõgeva maakond,656
2008 I,Jõgeva maakond,602
2008 II,Jõgeva maakond,667
2008 III,Jõgeva maakond,665
2008 IV,Jõgeva maakond,665
2009 I,Jõgeva maakond,571
2009 II,Jõgeva maakond,621
2009 III,Jõgeva maakond,522
2009 IV,Jõgeva maakond,591
2010 I,Jõgeva maakond,586
2010 II,Jõgeva maakond,668
2010 III,Jõgeva maakond,587
2010 IV,Jõgeva maakond,637
2011 I,Jõgeva maakond,636
2011 II,Jõgeva maakond,688
2011 III,Jõgeva maakond,651
2011 IV,Jõgeva maakond,690
2012 I,Jõgeva maakond,626
2012 II,Jõgeva maakond,694
2012 III,Jõgeva maakond,613
2012 IV,Jõgeva maakond,694
2013 I,Jõgeva maakond,643
2013 II,Jõgeva maakond,755
2013 III,Jõgeva maakond,704
2013 IV,Jõgeva maakond,742
2014 I,Jõgeva maakond,701
2014 II,Jõgeva maakond,777
2014 III,Jõgeva maakond,762
2014 IV,Jõgeva maakond,749
2015 I,Jõgeva maakond,743
2015 II,Jõgeva maakond,886
2015 III,Jõgeva maakond,791
2015 IV,Jõgeva maakond,903
2016 I,Jõgeva maakond,811
2016 II,Jõgeva maakond,927
2016 III,Jõgeva maakond,843
2016 IV,Jõgeva maakond,956
2017 I,Jõgeva maakond,850
2017 II,Jõgeva maakond,943
2017 III,Jõgeva maakond,899
2017 IV,Jõgeva maakond,966
2018 I,Jõgeva maakond,957
2018 II,Jõgeva maakond,1008
2018 III,Jõgeva maakond,1049
2018 IV,Jõgeva maakond,1096
2019 I,Jõgeva maakond,978
2019 II,Jõgeva maakond,1091
2019 III,Jõgeva maakond,1089
2019 IV,Jõgeva maakond,1111
2020 I,Jõgeva maakond,1078
2020 II,Jõgeva maakond,1116
2020 III,Jõgeva maakond,1170
2020 IV,Jõgeva maakond,1222
2021 I,Jõgeva maakond,1081
2021 II,Jõgeva maakond,1177
2021 III,Jõgeva maakond,1159
2021 IV,Jõgeva maakond,1237
2022 I,Jõgeva maakond,1172
2022 II,Jõgeva maakond,1310
2022 III,Jõgeva maakond,1293
2022 IV,Jõgeva maakond,1359
2023 I,Jõgeva maakond,1334
2023 II,Jõgeva maakond,1456
2023 III,Jõgeva maakond,1424
2023 IV,Jõgeva maakond,1486
2024 I,Jõgeva maakond,1438
2024 II,Jõgeva maakond,1567
2024 III,Jõgeva maakond,1552
2024 IV,Jõgeva maakond,1634
2025 I,Jõgeva maakond,1536
2025 II,Jõgeva maakond,1645
2025 III,Jõgeva maakond,1638
2025 IV,Jõgeva maakond,1721
2026 I,Jõgeva maakond,1627
2026 II,Jõgeva maakond,1711
2005 I,Lääne maakond,397
2005 II,Lääne maakond,421
2005 III,Lääne maakond,396
2005 IV,Lääne maakond,442
2006 I,Lääne maakond,403
2006 II,Lääne maakond,486
2006 III,Lääne maakond,424
2006 IV,Lääne maakond,516
2007 I,Lääne maakond,499
2007 II,Lääne maakond,585
2007 III,Lääne maakond,536
2007 IV,Lääne maakond,612
2008 I,Lääne maakond,583
2008 II,Lääne maakond,641
2008 III,Lääne maakond,593
2008 IV,Lääne maakond,643
2009 I,Lääne maakond,610
2009 II,Lääne maakond,639
2009 III,Lääne maakond,596
2009 IV,Lääne maakond,620
2010 I,Lääne maakond,650
2010 II,Lääne maakond,673
2010 III,Lääne maakond,613
2010 IV,Lääne maakond,685
2011 I,Lääne maakond,684
2011 II,Lääne maakond,709
2011 III,Lääne maakond,648
2011 IV,Lääne maakond,698
2012 I,Lääne maakond,707
2012 II,Lääne maakond,765
2012 III,Lääne maakond,699
2012 IV,Lääne maakond,861
2013 I,Lääne maakond,779
2013 II,Lääne maakond,805
2013 III,Lääne maakond,762
2013 IV,Lääne maakond,899
2014 I,Lääne maakond,886
2014 II,Lääne maakond,867
2014 III,Lääne maakond,821
2014 IV,Lääne maakond,882
2015 I,Lääne maakond,849
2015 II,Lääne maakond,922
2015 III,Lääne maakond,890
2015 IV,Lääne maakond,929
2016 I,Lääne maakond,945
2016 II,Lääne maakond,1013
2016 III,Lääne maakond,944
2016 IV,Lääne maakond,966
2017 I,Lääne maakond,966
2017 II,Lääne maakond,1025
2017 III,Lääne maakond,987
2017 IV,Lääne maakond,1084
2018 I,Lääne maakond,1062
2018 II,Lääne maakond,1132
2018 III,Lääne maakond,1096
2018 IV,Lääne maakond,1250
2019 I,Lääne maakond,1199
2019 II,Lääne maakond,1264
2019 III,Lääne maakond,1273
2019 IV,Lääne maakond,1353
2020 I,Lääne maakond,1103
2020 II,Lääne maakond,1143
2020 III,Lääne maakond,1144
2020 IV,Lääne maakond,1237
2021 I,Lääne maakond,1124
2021 II,Lääne maakond,1169
2021 III,Lääne maakond,1170
2021 IV,Lääne maakond,1265
2022 I,Lääne maakond,1207
2022 II,Lääne maakond,1312
2022 III,Lääne maakond,1300
2022 IV,Lääne maakond,1374
2023 I,Lääne maakond,1354
2023 II,Lääne maakond,1437
2023 III,Lääne maakond,1412
2023 IV,Lääne maakond,1475
2024 I,Lääne maakond,1446
2024 II,Lääne maakond,1536
2024 III,Lääne maakond,1485
2024 IV,Lääne maakond,1586
2025 I,Lääne maakond,1539
2025 II,Lääne maakond,1619
2025 III,Lääne maakond,1588
2025 IV,Lääne maakond,1670
2026 I,Lääne maakond,1623
2026 II,Lääne maakond,1727
2005 I,Lääne-Viru maakond,358
2005 II,Lääne-Viru maakond,406
2005 III,Lääne-Viru maakond,394
2005 IV,Lääne-Viru maakond,440
2006 I,Lääne-Viru maakond,418
2006 II,Lääne-Viru maakond,474
2006 III,Lääne-Viru maakond,468
2006 IV,Lääne-Viru maakond,506
2007 I,Lääne-Viru maakond,501
2007 II,Lääne-Viru maakond,559
2007 III,Lääne-Viru maakond,563
2007 IV,Lääne-Viru maakond,621
2008 I,Lääne-Viru maakond,613
2008 II,Lääne-Viru maakond,699
2008 III,Lääne-Viru maakond,665
2008 IV,Lääne-Viru maakond,684
2009 I,Lääne-Viru maakond,627
2009 II,Lääne-Viru maakond,640
2009 III,Lääne-Viru maakond,595
2009 IV,Lääne-Viru maakond,632
2010 I,Lääne-Viru maakond,621
2010 II,Lääne-Viru maakond,666
2010 III,Lääne-Viru maakond,628
2010 IV,Lääne-Viru maakond,673
2011 I,Lääne-Viru maakond,644
2011 II,Lääne-Viru maakond,681
2011 III,Lääne-Viru maakond,674
2011 IV,Lääne-Viru maakond,693
2012 I,Lääne-Viru maakond,703
2012 II,Lääne-Viru maakond,763
2012 III,Lääne-Viru maakond,735
2012 IV,Lääne-Viru maakond,761
2013 I,Lääne-Viru maakond,756
2013 II,Lääne-Viru maakond,809
2013 III,Lääne-Viru maakond,771
2013 IV,Lääne-Viru maakond,829
2014 I,Lääne-Viru maakond,794
2014 II,Lääne-Viru maakond,867
2014 III,Lääne-Viru maakond,823
2014 IV,Lääne-Viru maakond,853
2015 I,Lääne-Viru maakond,836
2015 II,Lääne-Viru maakond,933
2015 III,Lääne-Viru maakond,886
2015 IV,Lääne-Viru maakond,920
2016 I,Lääne-Viru maakond,878
2016 II,Lääne-Viru maakond,963
2016 III,Lääne-Viru maakond,939
2016 IV,Lääne-Viru maakond,972
2017 I,Lääne-Viru maakond,911
2017 II,Lääne-Viru maakond,1010
2017 III,Lääne-Viru maakond,962
2017 IV,Lääne-Viru maakond,1007
2018 I,Lääne-Viru maakond,948
2018 II,Lääne-Viru maakond,1044
2018 III,Lääne-Viru maakond,1009
2018 IV,Lääne-Viru maakond,1086
2019 I,Lääne-Viru maakond,1057
2019 II,Lääne-Viru maakond,1112
2019 III,Lääne-Viru maakond,1087
2019 IV,Lääne-Viru maakond,1123
2020 I,Lääne-Viru maakond,1172
2020 II,Lääne-Viru maakond,1144
2020 III,Lääne-Viru maakond,1178
2020 IV,Lääne-Viru maakond,1233
2021 I,Lääne-Viru maakond,1127
2021 II,Lääne-Viru maakond,1208
2021 III,Lääne-Viru maakond,1180
2021 IV,Lääne-Viru maakond,1261
2022 I,Lääne-Viru maakond,1201
2022 II,Lääne-Viru maakond,1344
2022 III,Lääne-Viru maakond,1312
2022 IV,Lääne-Viru maakond,1382
2023 I,Lääne-Viru maakond,1354
2023 II,Lääne-Viru maakond,1501
2023 III,Lääne-Viru maakond,1452
2023 IV,Lääne-Viru maakond,1525
2024 I,Lääne-Viru maakond,1464
2024 II,Lääne-Viru maakond,1600
2024 III,Lääne-Viru maakond,1532
2024 IV,Lääne-Viru maakond,1643
2025 I,Lääne-Viru maakond,1546
2025 II,Lääne-Viru maakond,1691
2025 III,Lääne-Viru maakond,1639
2025 IV,Lääne-Viru maakond,1711
2026 I,Lääne-Viru maakond,1638
2026 II,Lääne-Viru maakond,1780
2005 I,Pärnu maakond,385
2005 II,Pärnu maakond,452
2005 III,Pärnu maakond,432
2005 IV,Pärnu maakond,476
2006 I,Pärnu maakond,466
2006 II,Pärnu maakond,521
2006 III,Pärnu maakond,481
2006 IV,Pärnu maakond,556
2007 I,Pärnu maakond,541
2007 II,Pärnu maakond,637
2007 III,Pärnu maakond,565
2007 IV,Pärnu maakond,662
2008 I,Pärnu maakond,660
2008 II,Pärnu maakond,731
2008 III,Pärnu maakond,694
2008 IV,Pärnu maakond,733
2009 I,Pärnu maakond,634
2009 II,Pärnu maakond,688
2009 III,Pärnu maakond,633
2009 IV,Pärnu maakond,675
2010 I,Pärnu maakond,666
2010 II,Pärnu maakond,727
2010 III,Pärnu maakond,671
2010 IV,Pärnu maakond,712
2011 I,Pärnu maakond,651
2011 II,Pärnu maakond,726
2011 III,Pärnu maakond,668
2011 IV,Pärnu maakond,716
2012 I,Pärnu maakond,730
2012 II,Pärnu maakond,769
2012 III,Pärnu maakond,710
2012 IV,Pärnu maakond,769
2013 I,Pärnu maakond,739
2013 II,Pärnu maakond,798
2013 III,Pärnu maakond,746
2013 IV,Pärnu maakond,798
2014 I,Pärnu maakond,777
2014 II,Pärnu maakond,824
2014 III,Pärnu maakond,824
2014 IV,Pärnu maakond,869
2015 I,Pärnu maakond,809
2015 II,Pärnu maakond,879
2015 III,Pärnu maakond,826
2015 IV,Pärnu maakond,915
2016 I,Pärnu maakond,877
2016 II,Pärnu maakond,972
2016 III,Pärnu maakond,887
2016 IV,Pärnu maakond,949
2017 I,Pärnu maakond,946
2017 II,Pärnu maakond,1037
2017 III,Pärnu maakond,963
2017 IV,Pärnu maakond,1056
2018 I,Pärnu maakond,1004
2018 II,Pärnu maakond,1054
2018 III,Pärnu maakond,1033
2018 IV,Pärnu maakond,1129
2019 I,Pärnu maakond,1111
2019 II,Pärnu maakond,1171
2019 III,Pärnu maakond,1172
2019 IV,Pärnu maakond,1232
2020 I,Pärnu maakond,1113
2020 II,Pärnu maakond,1127
2020 III,Pärnu maakond,1162
2020 IV,Pärnu maakond,1185
2021 I,Pärnu maakond,1133
2021 II,Pärnu maakond,1191
2021 III,Pärnu maakond,1193
2021 IV,Pärnu maakond,1261
2022 I,Pärnu maakond,1222
2022 II,Pärnu maakond,1342
2022 III,Pärnu maakond,1342
2022 IV,Pärnu maakond,1408
2023 I,Pärnu maakond,1384
2023 II,Pärnu maakond,1511
2023 III,Pärnu maakond,1480
2023 IV,Pärnu maakond,1542
2024 I,Pärnu maakond,1512
2024 II,Pärnu maakond,1613
2024 III,Pärnu maakond,1588
2024 IV,Pärnu maakond,1665
2025 I,Pärnu maakond,1594
2025 II,Pärnu maakond,1702
2025 III,Pärnu maakond,1680
2025 IV,Pärnu maakond,1742
2026 I,Pärnu maakond,1691
2026 II,Pärnu maakond,1801
2005 I,Põlva maakond,367
2005 II,Põlva maakond,407
2005 III,Põlva maakond,370
2005 IV,Põlva maakond,428
2006 I,Põlva maakond,407
2006 II,Põlva maakond,465
2006 III,Põlva maakond,456
2006 IV,Põlva maakond,510
2007 I,Põlva maakond,511
2007 II,Põlva maakond,578
2007 III,Põlva maakond,554
2007 IV,Põlva maakond,614
2008 I,Põlva maakond,622
2008 II,Põlva maakond,691
2008 III,Põlva maakond,667
2008 IV,Põlva maakond,681
2009 I,Põlva maakond,607
2009 II,Põlva maakond,680
2009 III,Põlva maakond,642
2009 IV,Põlva maakond,647
2010 I,Põlva maakond,617
2010 II,Põlva maakond,648
2010 III,Põlva maakond,583
2010 IV,Põlva maakond,640
2011 I,Põlva maakond,635
2011 II,Põlva maakond,690
2011 III,Põlva maakond,666
2011 IV,Põlva maakond,676
2012 I,Põlva maakond,698
2012 II,Põlva maakond,728
2012 III,Põlva maakond,727
2012 IV,Põlva maakond,731
2013 I,Põlva maakond,659
2013 II,Põlva maakond,763
2013 III,Põlva maakond,726
2013 IV,Põlva maakond,754
2014 I,Põlva maakond,759
2014 II,Põlva maakond,825
2014 III,Põlva maakond,750
2014 IV,Põlva maakond,821
2015 I,Põlva maakond,749
2015 II,Põlva maakond,838
2015 III,Põlva maakond,772
2015 IV,Põlva maakond,826
2016 I,Põlva maakond,808
2016 II,Põlva maakond,901
2016 III,Põlva maakond,808
2016 IV,Põlva maakond,919
2017 I,Põlva maakond,840
2017 II,Põlva maakond,915
2017 III,Põlva maakond,897
2017 IV,Põlva maakond,947
2018 I,Põlva maakond,947
2018 II,Põlva maakond,1012
2018 III,Põlva maakond,1043
2018 IV,Põlva maakond,1011
2019 I,Põlva maakond,1000
2019 II,Põlva maakond,1138
2019 III,Põlva maakond,1224
2019 IV,Põlva maakond,1191
2020 I,Põlva maakond,1131
2020 II,Põlva maakond,1193
2020 III,Põlva maakond,1268
2020 IV,Põlva maakond,1324
2021 I,Põlva maakond,1101
2021 II,Põlva maakond,1184
2021 III,Põlva maakond,1149
2021 IV,Põlva maakond,1232
2022 I,Põlva maakond,1189
2022 II,Põlva maakond,1314
2022 III,Põlva maakond,1286
2022 IV,Põlva maakond,1354
2023 I,Põlva maakond,1337
2023 II,Põlva maakond,1473
2023 III,Põlva maakond,1402
2023 IV,Põlva maakond,1475
2024 I,Põlva maakond,1444
2024 II,Põlva maakond,1563
2024 III,Põlva maakond,1519
2024 IV,Põlva maakond,1606
2025 I,Põlva maakond,1526
2025 II,Põlva maakond,1684
2025 III,Põlva maakond,1638
2025 IV,Põlva maakond,1695
2026 I,Põlva maakond,1618
2026 II,Põlva maakond,1750
2005 I,Rapla maakond,377
2005 II,Rapla maakond,439
2005 III,Rapla maakond,432
2005 IV,Rapla maakond,454
2006 I,Rapla maakond,427
2006 II,Rapla maakond,483
2006 III,Rapla maakond,489
2006 IV,Rapla maakond,544
2007 I,Rapla maakond,503
2007 II,Rapla maakond,619
2007 III,Rapla maakond,586
2007 IV,Rapla maakond,650
2008 I,Rapla maakond,644
2008 II,Rapla maakond,699
2008 III,Rapla maakond,691
2008 IV,Rapla maakond,719
2009 I,Rapla maakond,661
2009 II,Rapla maakond,708
2009 III,Rapla maakond,598
2009 IV,Rapla maakond,585
2010 I,Rapla maakond,560
2010 II,Rapla maakond,608
2010 III,Rapla maakond,598
2010 IV,Rapla maakond,622
2011 I,Rapla maakond,638
2011 II,Rapla maakond,681
2011 III,Rapla maakond,653
2011 IV,Rapla maakond,675
2012 I,Rapla maakond,634
2012 II,Rapla maakond,702
2012 III,Rapla maakond,670
2012 IV,Rapla maakond,687
2013 I,Rapla maakond,687
2013 II,Rapla maakond,775
2013 III,Rapla maakond,744
2013 IV,Rapla maakond,782
2014 I,Rapla maakond,757
2014 II,Rapla maakond,820
2014 III,Rapla maakond,791
2014 IV,Rapla maakond,848
2015 I,Rapla maakond,800
2015 II,Rapla maakond,894
2015 III,Rapla maakond,906
2015 IV,Rapla maakond,911
2016 I,Rapla maakond,882
2016 II,Rapla maakond,959
2016 III,Rapla maakond,904
2016 IV,Rapla maakond,956
2017 I,Rapla maakond,937
2017 II,Rapla maakond,1069
2017 III,Rapla maakond,1032
2017 IV,Rapla maakond,1085
2018 I,Rapla maakond,1079
2018 II,Rapla maakond,1165
2018 III,Rapla maakond,1147
2018 IV,Rapla maakond,1214
2019 I,Rapla maakond,1131
2019 II,Rapla maakond,1200
2019 III,Rapla maakond,1197
2019 IV,Rapla maakond,1274
2020 I,Rapla maakond,1153
2020 II,Rapla maakond,1164
2020 III,Rapla maakond,1220
2020 IV,Rapla maakond,1263
2021 I,Rapla maakond,1150
2021 II,Rapla maakond,1248
2021 III,Rapla maakond,1199
2021 IV,Rapla maakond,1284
2022 I,Rapla maakond,1217
2022 II,Rapla maakond,1367
2022 III,Rapla maakond,1339
2022 IV,Rapla maakond,1436
2023 I,Rapla maakond,1383
2023 II,Rapla maakond,1545
2023 III,Rapla maakond,1454
2023 IV,Rapla maakond,1557
2024 I,Rapla maakond,1481
2024 II,Rapla maakond,1632
2024 III,Rapla maakond,1569
2024 IV,Rapla maakond,1688
2025 I,Rapla maakond,1565
2025 II,Rapla maakond,1747
2025 III,Rapla maakond,1681
2025 IV,Rapla maakond,1795
2026 I,Rapla maakond,1686
2026 II,Rapla maakond,1834
2005 I,Saare maakond,391
2005 II,Saare maakond,454
2005 III,Saare maakond,426
2005 IV,Saare maakond,503
2006 I,Saare maakond,455
2006 II,Saare maakond,536
2006 III,Saare maakond,484
2006 IV,Saare maakond,542
2007 I,Saare maakond,561
2007 II,Saare maakond,649
2007 III,Saare maakond,626
2007 IV,Saare maakond,700
2008 I,Saare maakond,657
2008 II,Saare maakond,727
2008 III,Saare maakond,687
2008 IV,Saare maakond,709
2009 I,Saare maakond,617
2009 II,Saare maakond,655
2009 III,Saare maakond,652
2009 IV,Saare maakond,642
2010 I,Saare maakond,602
2010 II,Saare maakond,671
2010 III,Saare maakond,639
2010 IV,Saare maakond,678
2011 I,Saare maakond,625
2011 II,Saare maakond,695
2011 III,Saare maakond,674
2011 IV,Saare maakond,692
2012 I,Saare maakond,662
2012 II,Saare maakond,721
2012 III,Saare maakond,701
2012 IV,Saare maakond,726
2013 I,Saare maakond,697
2013 II,Saare maakond,769
2013 III,Saare maakond,750
2013 IV,Saare maakond,802
2014 I,Saare maakond,751
2014 II,Saare maakond,780
2014 III,Saare maakond,809
2014 IV,Saare maakond,835
2015 I,Saare maakond,778
2015 II,Saare maakond,854
2015 III,Saare maakond,829
2015 IV,Saare maakond,874
2016 I,Saare maakond,832
2016 II,Saare maakond,912
2016 III,Saare maakond,852
2016 IV,Saare maakond,903
2017 I,Saare maakond,816
2017 II,Saare maakond,884
2017 III,Saare maakond,862
2017 IV,Saare maakond,916
2018 I,Saare maakond,930
2018 II,Saare maakond,977
2018 III,Saare maakond,992
2018 IV,Saare maakond,1051
2019 I,Saare maakond,1006
2019 II,Saare maakond,1084
2019 III,Saare maakond,1081
2019 IV,Saare maakond,1157
2020 I,Saare maakond,1108
2020 II,Saare maakond,1138
2020 III,Saare maakond,1139
2020 IV,Saare maakond,1209
2021 I,Saare maakond,1079
2021 II,Saare maakond,1144
2021 III,Saare maakond,1142
2021 IV,Saare maakond,1204
2022 I,Saare maakond,1167
2022 II,Saare maakond,1276
2022 III,Saare maakond,1262
2022 IV,Saare maakond,1322
2023 I,Saare maakond,1316
2023 II,Saare maakond,1420
2023 III,Saare maakond,1393
2023 IV,Saare maakond,1449
2024 I,Saare maakond,1430
2024 II,Saare maakond,1535
2024 III,Saare maakond,1516
2024 IV,Saare maakond,1584
2025 I,Saare maakond,1522
2025 II,Saare maakond,1624
2025 III,Saare maakond,1601
2025 IV,Saare maakond,1667
2026 I,Saare maakond,1620
2026 II,Saare maakond,1733
2005 I,Tartu maakond,446
2005 II,Tartu maakond,499
2005 III,Tartu maakond,461
2005 IV,Tartu maakond,530
2006 I,Tartu maakond,520
2006 II,Tartu maakond,594
2006 III,Tartu maakond,550
2006 IV,Tartu maakond,653
2007 I,Tartu maakond,637
2007 II,Tartu maakond,739
2007 III,Tartu maakond,685
2007 IV,Tartu maakond,781
2008 I,Tartu maakond,759
2008 II,Tartu maakond,850
2008 III,Tartu maakond,778
2008 IV,Tartu maakond,837
2009 I,Tartu maakond,732
2009 II,Tartu maakond,782
2009 III,Tartu maakond,712
2009 IV,Tartu maakond,757
2010 I,Tartu maakond,725
2010 II,Tartu maakond,808
2010 III,Tartu maakond,728
2010 IV,Tartu maakond,812
2011 I,Tartu maakond,751
2011 II,Tartu maakond,840
2011 III,Tartu maakond,763
2011 IV,Tartu maakond,845
2012 I,Tartu maakond,785
2012 II,Tartu maakond,867
2012 III,Tartu maakond,795
2012 IV,Tartu maakond,884
2013 I,Tartu maakond,853
2013 II,Tartu maakond,957
2013 III,Tartu maakond,868
2013 IV,Tartu maakond,957
2014 I,Tartu maakond,920
2014 II,Tartu maakond,1010
2014 III,Tartu maakond,923
2014 IV,Tartu maakond,1017
2015 I,Tartu maakond,989
2015 II,Tartu maakond,1076
2015 III,Tartu maakond,1008
2015 IV,Tartu maakond,1086
2016 I,Tartu maakond,1065
2016 II,Tartu maakond,1191
2016 III,Tartu maakond,1105
2016 IV,Tartu maakond,1217
2017 I,Tartu maakond,1140
2017 II,Tartu maakond,1227
2017 III,Tartu maakond,1199
2017 IV,Tartu maakond,1276
2018 I,Tartu maakond,1209
2018 II,Tartu maakond,1302
2018 III,Tartu maakond,1272
2018 IV,Tartu maakond,1375
2019 I,Tartu maakond,1325
2019 II,Tartu maakond,1440
2019 III,Tartu maakond,1408
2019 IV,Tartu maakond,1533
2020 I,Tartu maakond,1380
2020 II,Tartu maakond,1451
2020 III,Tartu maakond,1419
2020 IV,Tartu maakond,1542
2021 I,Tartu maakond,1394
2021 II,Tartu maakond,1498
2021 III,Tartu maakond,1441
2021 IV,Tartu maakond,1561
2022 I,Tartu maakond,1516
2022 II,Tartu maakond,1680
2022 III,Tartu maakond,1614
2022 IV,Tartu maakond,1750
2023 I,Tartu maakond,1730
2023 II,Tartu maakond,1889
2023 III,Tartu maakond,1790
2023 IV,Tartu maakond,1941
2024 I,Tartu maakond,1888
2024 II,Tartu maakond,2039
2024 III,Tartu maakond,1962
2024 IV,Tartu maakond,2092
2025 I,Tartu maakond,2023
2025 II,Tartu maakond,2175
2025 III,Tartu maakond,2060
2025 IV,Tartu maakond,2191
2026 I,Tartu maakond,2130
2026 II,Tartu maakond,2285
2005 I,Valga maakond,352
2005 II,Valga maakond,401
2005 III,Valga maakond,380
2005 IV,Valga maakond,414
2006 I,Valga maakond,391
2006 II,Valga maakond,453
2006 III,Valga maakond,427
2006 IV,Valga maakond,479
2007 I,Valga maakond,478
2007 II,Valga maakond,537
2007 III,Valga maakond,511
2007 IV,Valga maakond,574
2008 I,Valga maakond,556
2008 II,Valga maakond,600
2008 III,Valga maakond,539
2008 IV,Valga maakond,606
2009 I,Valga maakond,553
2009 II,Valga maakond,585
2009 III,Valga maakond,557
2009 IV,Valga maakond,582
2010 I,Valga maakond,569
2010 II,Valga maakond,625
2010 III,Valga maakond,560
2010 IV,Valga maakond,610
2011 I,Valga maakond,613
2011 II,Valga maakond,688
2011 III,Valga maakond,627
2011 IV,Valga maakond,669
2012 I,Valga maakond,644
2012 II,Valga maakond,720
2012 III,Valga maakond,631
2012 IV,Valga maakond,733
2013 I,Valga maakond,674
2013 II,Valga maakond,758
2013 III,Valga maakond,696
2013 IV,Valga maakond,795
2014 I,Valga maakond,751
2014 II,Valga maakond,770
2014 III,Valga maakond,753
2014 IV,Valga maakond,798
2015 I,Valga maakond,801
2015 II,Valga maakond,844
2015 III,Valga maakond,809
2015 IV,Valga maakond,834
2016 I,Valga maakond,859
2016 II,Valga maakond,909
2016 III,Valga maakond,856
2016 IV,Valga maakond,919
2017 I,Valga maakond,895
2017 II,Valga maakond,954
2017 III,Valga maakond,892
2017 IV,Valga maakond,1013
2018 I,Valga maakond,945
2018 II,Valga maakond,1003
2018 III,Valga maakond,968
2018 IV,Valga maakond,1071
2019 I,Valga maakond,996
2019 II,Valga maakond,1060
2019 III,Valga maakond,1067
2019 IV,Valga maakond,1112
2020 I,Valga maakond,1079
2020 II,Valga maakond,1103
2020 III,Valga maakond,1082
2020 IV,Valga maakond,1164
2021 I,Valga maakond,1039
2021 II,Valga maakond,1124
2021 III,Valga maakond,1087
2021 IV,Valga maakond,1207
2022 I,Valga maakond,1084
2022 II,Valga maakond,1248
2022 III,Valga maakond,1198
2022 IV,Valga maakond,1263
2023 I,Valga maakond,1261
2023 II,Valga maakond,1390
2023 III,Valga maakond,1336
2023 IV,Valga maakond,1408
2024 I,Valga maakond,1376
2024 II,Valga maakond,1509
2024 III,Valga maakond,1452
2024 IV,Valga maakond,1507
2025 I,Valga maakond,1468
2025 II,Valga maakond,1608
2025 III,Valga maakond,1549
2025 IV,Valga maakond,1615
2026 I,Valga maakond,1564
2026 II,Valga maakond,1677
2005 I,Viljandi maakond,373
2005 II,Viljandi maakond,424
2005 III,Viljandi maakond,384
2005 IV,Viljandi maakond,440
2006 I,Viljandi maakond,434
2006 II,Viljandi maakond,495
2006 III,Viljandi maakond,453
2006 IV,Viljandi maakond,532
2007 I,Viljandi maakond,555
2007 II,Viljandi maakond,623
2007 III,Viljandi maakond,590
2007 IV,Viljandi maakond,665
2008 I,Viljandi maakond,644
2008 II,Viljandi maakond,704
2008 III,Viljandi maakond,658
2008 IV,Viljandi maakond,696
2009 I,Viljandi maakond,628
2009 II,Viljandi maakond,684
2009 III,Viljandi maakond,609
2009 IV,Viljandi maakond,651
2010 I,Viljandi maakond,610
2010 II,Viljandi maakond,663
2010 III,Viljandi maakond,614
2010 IV,Viljandi maakond,657
2011 I,Viljandi maakond,602
2011 II,Viljandi maakond,668
2011 III,Viljandi maakond,620
2011 IV,Viljandi maakond,664
2012 I,Viljandi maakond,611
2012 II,Viljandi maakond,678
2012 III,Viljandi maakond,626
2012 IV,Viljandi maakond,689
2013 I,Viljandi maakond,692
2013 II,Viljandi maakond,745
2013 III,Viljandi maakond,710
2013 IV,Viljandi maakond,784
2014 I,Viljandi maakond,771
2014 II,Viljandi maakond,832
2014 III,Viljandi maakond,803
2014 IV,Viljandi maakond,867
2015 I,Viljandi maakond,886
2015 II,Viljandi maakond,929
2015 III,Viljandi maakond,903
2015 IV,Viljandi maakond,968
2016 I,Viljandi maakond,930
2016 II,Viljandi maakond,1022
2016 III,Viljandi maakond,974
2016 IV,Viljandi maakond,1032
2017 I,Viljandi maakond,989
2017 II,Viljandi maakond,1091
2017 III,Viljandi maakond,1024
2017 IV,Viljandi maakond,1103
2018 I,Viljandi maakond,1011
2018 II,Viljandi maakond,1081
2018 III,Viljandi maakond,1093
2018 IV,Viljandi maakond,1217
2019 I,Viljandi maakond,1105
2019 II,Viljandi maakond,1201
2019 III,Viljandi maakond,1209
2019 IV,Viljandi maakond,1292
2020 I,Viljandi maakond,1124
2020 II,Viljandi maakond,1168
2020 III,Viljandi maakond,1195
2020 IV,Viljandi maakond,1266
2021 I,Viljandi maakond,1154
2021 II,Viljandi maakond,1252
2021 III,Viljandi maakond,1231
2021 IV,Viljandi maakond,1336
2022 I,Viljandi maakond,1244
2022 II,Viljandi maakond,1398
2022 III,Viljandi maakond,1382
2022 IV,Viljandi maakond,1470
2023 I,Viljandi maakond,1385
2023 II,Viljandi maakond,1556
2023 III,Viljandi maakond,1506
2023 IV,Viljandi maakond,1615
2024 I,Viljandi maakond,1526
2024 II,Viljandi maakond,1666
2024 III,Viljandi maakond,1631
2024 IV,Viljandi maakond,1725
2025 I,Viljandi maakond,1616
2025 II,Viljandi maakond,1746
2025 III,Viljandi maakond,1719
2025 IV,Viljandi maakond,1812
2026 I,Viljandi maakond,1698
2026 II,Viljandi maakond,1840
2005 I,Võru maakond,362
2005 II,Võru maakond,423
2005 III,Võru maakond,373
2005 IV,Võru maakond,435
2006 I,Võru maakond,406
2006 II,Võru maakond,483
2006 III,Võru maakond,426
2006 IV,Võru maakond,505
2007 I,Võru maakond,472
2007 II,Võru maakond,598
2007 III,Võru maakond,524
2007 IV,Võru maakond,607
2008 I,Võru maakond,630
2008 II,Võru maakond,725
2008 III,Võru maakond,689
2008 IV,Võru maakond,691
2009 I,Võru maakond,618
2009 II,Võru maakond,698
2009 III,Võru maakond,612
2009 IV,Võru maakond,647
2010 I,Võru maakond,590
2010 II,Võru maakond,671
2010 III,Võru maakond,579
2010 IV,Võru maakond,643
2011 I,Võru maakond,600
2011 II,Võru maakond,675
2011 III,Võru maakond,603
2011 IV,Võru maakond,684
2012 I,Võru maakond,614
2012 II,Võru maakond,684
2012 III,Võru maakond,622
2012 IV,Võru maakond,688
2013 I,Võru maakond,670
2013 II,Võru maakond,794
2013 III,Võru maakond,732
2013 IV,Võru maakond,761
2014 I,Võru maakond,730
2014 II,Võru maakond,796
2014 III,Võru maakond,763
2014 IV,Võru maakond,845
2015 I,Võru maakond,785
2015 II,Võru maakond,906
2015 III,Võru maakond,860
2015 IV,Võru maakond,938
2016 I,Võru maakond,856
2016 II,Võru maakond,965
2016 III,Võru maakond,864
2016 IV,Võru maakond,932
2017 I,Võru maakond,927
2017 II,Võru maakond,1057
2017 III,Võru maakond,943
2017 IV,Võru maakond,1078
2018 I,Võru maakond,978
2018 II,Võru maakond,1058
2018 III,Võru maakond,990
2018 IV,Võru maakond,1079
2019 I,Võru maakond,1055
2019 II,Võru maakond,1096
2019 III,Võru maakond,1101
2019 IV,Võru maakond,1209
2020 I,Võru maakond,1115
2020 II,Võru maakond,1157
2020 III,Võru maakond,1154
2020 IV,Võru maakond,1248
2021 I,Võru maakond,1079
2021 II,Võru maakond,1175
2021 III,Võru maakond,1133
2021 IV,Võru maakond,1249
2022 I,Võru maakond,1171
2022 II,Võru maakond,1322
2022 III,Võru maakond,1267
2022 IV,Võru maakond,1348
2023 I,Võru maakond,1322
2023 II,Võru maakond,1468
2023 III,Võru maakond,1410
2023 IV,Võru maakond,1492
2024 I,Võru maakond,1446
2024 II,Võru maakond,1567
2024 III,Võru maakond,1477
2024 IV,Võru maakond,1607
2025 I,Võru maakond,1537
2025 II,Võru maakond,1666
2025 III,Võru maakond,1596
2025 IV,Võru maakond,1689
2026 I,Võru maakond,1624
2026 II,Võru maakond,1774
