4. Eesti kodumajapidamistele antud laenude intressim‰‰rad laenuliigi ja valuuta lıikes;
Eesti Pank
Viimati uuendatud: 27.08.2026;

;01.2005;02.2005;03.2005;04.2005;05.2005;06.2005;07.2005;08.2005;09.2005;10.2005;11.2005;12.2005;01.2006;02.2006;03.2006;04.2006;05.2006;06.2006;07.2006;08.2006;09.2006;10.2006;11.2006;12.2006;01.2007;02.2007;03.2007;04.2007;05.2007;06.2007;07.2007;08.2007;09.2007;10.2007;11.2007;12.2007;01.2008;02.2008;03.2008;04.2008;05.2008;06.2008;07.2008;08.2008;09.2008;10.2008;11.2008;12.2008;01.2009;02.2009;03.2009;04.2009;05.2009;06.2009;07.2009;08.2009;09.2009;10.2009;11.2009;12.2009;01.2010;02.2010;03.2010;04.2010;05.2010;06.2010;07.2010;08.2010;09.2010;10.2010;11.2010;12.2010;01.2011;02.2011;03.2011;04.2011;05.2011;06.2011;07.2011;08.2011;09.2011;10.2011;11.2011;12.2011;01.2012;02.2012;03.2012;04.2012;05.2012;06.2012;07.2012;08.2012;09.2012;10.2012;11.2012;12.2012;01.2013;02.2013;03.2013;04.2013;05.2013;06.2013;07.2013;08.2013;09.2013;10.2013;11.2013;12.2013;01.2014;02.2014;03.2014;04.2014;05.2014;06.2014;07.2014;08.2014;09.2014;10.2014;11.2014;12.2014;01.2015;02.2015;03.2015;04.2015;05.2015;06.2015;07.2015;08.2015;09.2015;10.2015;11.2015;12.2015;01.2016;02.2016;03.2016;04.2016;05.2016;06.2016;07.2016;08.2016;09.2016;10.2016;11.2016;12.2016;01.2017;02.2017;03.2017;04.2017;05.2017;06.2017;07.2017;08.2017;09.2017;10.2017;11.2017;12.2017;01.2018;02.2018;03.2018;04.2018;05.2018;06.2018;07.2018;08.2018;09.2018;10.2018;11.2018;12.2018;01.2019;02.2019;03.2019;04.2019;05.2019;06.2019;07.2019;08.2019;09.2019;10.2019;11.2019;12.2019;01.2020;02.2020;03.2020;04.2020;05.2020;06.2020;07.2020;08.2020;09.2020;10.2020;11.2020;12.2020;01.2021;02.2021;03.2021;04.2021;05.2021;06.2021;07.2021;08.2021;09.2021;10.2021;11.2021;12.2021;01.2022;02.2022;03.2022;04.2022;05.2022;06.2022;07.2022;08.2022;09.2022;10.2022;11.2022;12.2022;01.2023;02.2023;03.2023;04.2023;05.2023;06.2023;07.2023;08.2023;09.2023;10.2023;11.2023;12.2023;01.2024;02.2024;03.2024;04.2024;05.2024;06.2024;07.2024;08.2024;09.2024;10.2024;11.2024;12.2024;01.2025;02.2025;03.2025;04.2025;05.2025;06.2025;07.2025;08.2025;09.2025;10.2025;11.2025;12.2025;01.2026;02.2026;03.2026;04.2026;05.2026;06.2026;07.2026;
;Intressim‰‰r laenusummalt;Intressim‰‰r laenusummalt;Intressim‰‰r laenusummalt;Intressim‰‰r laenusummalt;Intressim‰‰r laenusummalt;Intressim‰‰r laenusummalt;Intressim‰‰r laenusummalt;Intressim‰‰r laenusummalt;Intressim‰‰r laenusummalt;Intressim‰‰r laenusummalt;Intressim‰‰r laenusummalt;Intressim‰‰r laenusummalt;Intressim‰‰r laenusummalt;Intressim‰‰r laenusummalt;Intressim‰‰r laenusummalt;Intressim‰‰r laenusummalt;Intressim‰‰r laenusummalt;Intressim‰‰r laenusummalt;Intressim‰‰r laenusummalt;Intressim‰‰r laenusummalt;Intressim‰‰r laenusummalt;Intressim‰‰r laenusummalt;Intressim‰‰r laenusummalt;Intressim‰‰r laenusummalt;Intressim‰‰r laenusummalt;Intressim‰‰r laenusummalt;Intressim‰‰r laenusummalt;Intressim‰‰r laenusummalt;Intressim‰‰r laenusummalt;Intressim‰‰r laenusummalt;Intressim‰‰r laenusummalt;Intressim‰‰r laenusummalt;Intressim‰‰r laenusummalt;Intressim‰‰r laenusummalt;Intressim‰‰r laenusummalt;Intressim‰‰r laenusummalt;Intressim‰‰r laenusummalt;Intressim‰‰r laenusummalt;Intressim‰‰r laenusummalt;Intressim‰‰r laenusummalt;Intressim‰‰r laenusummalt;Intressim‰‰r laenusummalt;Intressim‰‰r laenusummalt;Intressim‰‰r laenusummalt;Intressim‰‰r laenusummalt;Intressim‰‰r laenusummalt;Intressim‰‰r laenusummalt;Intressim‰‰r laenusummalt;Intressim‰‰r laenusummalt;Intressim‰‰r laenusummalt;Intressim‰‰r laenusummalt;Intressim‰‰r laenusummalt;Intressim‰‰r laenusummalt;Intressim‰‰r laenusummalt;Intressim‰‰r laenusummalt;Intressim‰‰r laenusummalt;Intressim‰‰r laenusummalt;Intressim‰‰r laenusummalt;Intressim‰‰r laenusummalt;Intressim‰‰r laenusummalt;Intressim‰‰r laenusummalt;Intressim‰‰r laenusummalt;Intressim‰‰r laenusummalt;Intressim‰‰r laenusummalt;Intressim‰‰r laenusummalt;Intressim‰‰r laenusummalt;Intressim‰‰r laenusummalt;Intressim‰‰r laenusummalt;Intressim‰‰r laenusummalt;Intressim‰‰r laenusummalt;Intressim‰‰r laenusummalt;Intressim‰‰r laenusummalt;Intressim‰‰r laenusummalt;Intressim‰‰r laenusummalt;Intressim‰‰r laenusummalt;Intressim‰‰r laenusummalt;Intressim‰‰r laenusummalt;Intressim‰‰r laenusummalt;Intressim‰‰r laenusummalt;Intressim‰‰r laenusummalt;Intressim‰‰r laenusummalt;Intressim‰‰r laenusummalt;Intressim‰‰r laenusummalt;Intressim‰‰r laenusummalt;Intressim‰‰r laenusummalt;Intressim‰‰r laenusummalt;Intressim‰‰r laenusummalt;Intressim‰‰r laenusummalt;Intressim‰‰r laenusummalt;Intressim‰‰r laenusummalt;Intressim‰‰r laenusummalt;Intressim‰‰r laenusummalt;Intressim‰‰r laenusummalt;Intressim‰‰r laenusummalt;Intressim‰‰r laenusummalt;Intressim‰‰r laenusummalt;Intressim‰‰r laenusummalt;Intressim‰‰r laenusummalt;Intressim‰‰r laenusummalt;Intressim‰‰r laenusummalt;Intressim‰‰r laenusummalt;Intressim‰‰r laenusummalt;Intressim‰‰r laenusummalt;Intressim‰‰r laenusummalt;Intressim‰‰r laenusummalt;Intressim‰‰r laenusummalt;Intressim‰‰r laenusummalt;Intressim‰‰r laenusummalt;Intressim‰‰r laenusummalt;Intressim‰‰r laenusummalt;Intressim‰‰r laenusummalt;Intressim‰‰r laenusummalt;Intressim‰‰r laenusummalt;Intressim‰‰r laenusummalt;Intressim‰‰r laenusummalt;Intressim‰‰r laenusummalt;Intressim‰‰r laenusummalt;Intressim‰‰r laenusummalt;Intressim‰‰r laenusummalt;Intressim‰‰r laenusummalt;Intressim‰‰r laenusummalt;Intressim‰‰r laenusummalt;Intressim‰‰r laenusummalt;Intressim‰‰r laenusummalt;Intressim‰‰r laenusummalt;Intressim‰‰r laenusummalt;Intressim‰‰r laenusummalt;Intressim‰‰r laenusummalt;Intressim‰‰r laenusummalt;Intressim‰‰r laenusummalt;Intressim‰‰r laenusummalt;Intressim‰‰r laenusummalt;Intressim‰‰r laenusummalt;Intressim‰‰r laenusummalt;Intressim‰‰r laenusummalt;Intressim‰‰r laenusummalt;Intressim‰‰r laenusummalt;Intressim‰‰r laenusummalt;Intressim‰‰r laenusummalt;Intressim‰‰r laenusummalt;Intressim‰‰r laenusummalt;Intressim‰‰r laenusummalt;Intressim‰‰r laenusummalt;Intressim‰‰r laenusummalt;Intressim‰‰r laenusummalt;Intressim‰‰r laenusummalt;Intressim‰‰r laenusummalt;Intressim‰‰r laenusummalt;Intressim‰‰r laenusummalt;Intressim‰‰r laenusummalt;Intressim‰‰r laenusummalt;Intressim‰‰r laenusummalt;Intressim‰‰r laenusummalt;Intressim‰‰r laenusummalt;Intressim‰‰r laenusummalt;Intressim‰‰r laenusummalt;Intressim‰‰r laenusummalt;Intressim‰‰r laenusummalt;Intressim‰‰r laenusummalt;Intressim‰‰r laenusummalt;Intressim‰‰r laenusummalt;Intressim‰‰r laenusummalt;Intressim‰‰r laenusummalt;Intressim‰‰r laenusummalt;Intressim‰‰r laenusummalt;Intressim‰‰r laenusummalt;Intressim‰‰r laenusummalt;Intressim‰‰r laenusummalt;Intressim‰‰r laenusummalt;Intressim‰‰r laenusummalt;Intressim‰‰r laenusummalt;Intressim‰‰r laenusummalt;Intressim‰‰r laenusummalt;Intressim‰‰r laenusummalt;Intressim‰‰r laenusummalt;Intressim‰‰r laenusummalt;Intressim‰‰r laenusummalt;Intressim‰‰r laenusummalt;Intressim‰‰r laenusummalt;Intressim‰‰r laenusummalt;Intressim‰‰r laenusummalt;Intressim‰‰r laenusummalt;Intressim‰‰r laenusummalt;Intressim‰‰r laenusummalt;Intressim‰‰r laenusummalt;Intressim‰‰r laenusummalt;Intressim‰‰r laenusummalt;Intressim‰‰r laenusummalt;Intressim‰‰r laenusummalt;Intressim‰‰r laenusummalt;Intressim‰‰r laenusummalt;Intressim‰‰r laenusummalt;Intressim‰‰r laenusummalt;Intressim‰‰r laenusummalt;Intressim‰‰r laenusummalt;Intressim‰‰r laenusummalt;Intressim‰‰r laenusummalt;Intressim‰‰r laenusummalt;Intressim‰‰r laenusummalt;Intressim‰‰r laenusummalt;Intressim‰‰r laenusummalt;Intressim‰‰r laenusummalt;Intressim‰‰r laenusummalt;Intressim‰‰r laenusummalt;Intressim‰‰r laenusummalt;Intressim‰‰r laenusummalt;Intressim‰‰r laenusummalt;Intressim‰‰r laenusummalt;Intressim‰‰r laenusummalt;Intressim‰‰r laenusummalt;Intressim‰‰r laenusummalt;Intressim‰‰r laenusummalt;Intressim‰‰r laenusummalt;Intressim‰‰r laenusummalt;Intressim‰‰r laenusummalt;Intressim‰‰r laenusummalt;Intressim‰‰r laenusummalt;Intressim‰‰r laenusummalt;Intressim‰‰r laenusummalt;Intressim‰‰r laenusummalt;Intressim‰‰r laenusummalt;Intressim‰‰r laenusummalt;Intressim‰‰r laenusummalt;Intressim‰‰r laenusummalt;Intressim‰‰r laenusummalt;Intressim‰‰r laenusummalt;Intressim‰‰r laenusummalt;Intressim‰‰r laenusummalt;Intressim‰‰r laenusummalt;Intressim‰‰r laenusummalt;Intressim‰‰r laenusummalt;Intressim‰‰r laenusummalt;Intressim‰‰r laenusummalt;Intressim‰‰r laenusummalt;Intressim‰‰r laenusummalt;Intressim‰‰r laenusummalt;Intressim‰‰r laenusummalt;Intressim‰‰r laenusummalt;Intressim‰‰r laenusummalt;Intressim‰‰r laenusummalt;Intressim‰‰r laenusummalt;Intressim‰‰r laenusummalt;Intressim‰‰r laenusummalt;Intressim‰‰r laenusummalt;Intressim‰‰r laenusummalt;Intressim‰‰r laenusummalt;Intressim‰‰r laenusummalt;Intressim‰‰r laenusummalt;Intressim‰‰r laenusummalt;Intressim‰‰r laenusummalt;Intressim‰‰r laenusummalt;Intressim‰‰r laenusummalt;Intressim‰‰r laenusummalt;Intressim‰‰r laenusummalt;Intressim‰‰r laenusummalt;Intressim‰‰r laenusummalt;Intressim‰‰r laenusummalt;Intressim‰‰r laenusummalt;Intressim‰‰r laenusummalt;
Eluasemelaenud [1];;;;;;;;;;;;;;;;;;;;;;;;;;;;;;;;;;;;;;;;;;;;;;;;;;;;;;;;;;;;;;;;;;;;;;;;;;;;;;;;;;;;;;;;;;;;;;;;;;;;;;;;;;;;;;;;;;;;;;;;;;;;;;;;;;;;;;;;;;;;;;;;;;;;;;;;;;;;;;;;;;;;;;;;;;;;;;;;;;;;;;;;;;;;;;;;;;;;;;;;;;;;;;;;;;;;;;;;;;;;;;;;;;;;;;;;;;;;;;;;;;;;;;;;;;;;;;;;;;;;
   EUR;3,46%;3,49%;3,31%;3,02%;3,05%;3,08%;3,18%;3,29%;3,23%;3,19%;3,38%;3,51%;3,63%;3,71%;3,88%;3,98%;4,01%;4,14%;4,29%;4,49%;4,55%;4,68%;4,82%;4,89%;5,06%;5,17%;5,19%;5,25%;5,39%;5,48%;5,60%;5,75%;5,85%;5,93%;5,81%;5,85%;5,62%;5,46%;5,45%;5,56%;5,67%;5,91%;6,20%;6,28%;6,34%;6,35%;5,85%;5,27%;4,94%;4,48%;4,18%;3,82%;3,95%;3,82%;3,89%;3,58%;3,56%;3,48%;3,45%;3,32%;3,66%;3,54%;3,56%;3,51%;3,59%;3,36%;3,54%;3,51%;3,44%;3,41%;3,45%;3,43%;3,37%;3,40%;3,46%;3,40%;3,44%;3,41%;3,48%;3,48%;3,40%;3,38%;3,40%;3,45%;3,42%;3,27%;3,14%;3,06%;2,95%;2,90%;2,90%;2,66%;2,68%;2,66%;2,51%;2,57%;2,54%;2,54%;2,57%;2,66%;2,45%;2,48%;2,52%;2,56%;2,53%;2,59%;2,65%;2,47%;2,55%;2,53%;2,56%;2,59%;2,63%;2,54%;2,47%;2,46%;2,36%;2,25%;2,18%;2,20%;2,29%;2,20%;2,19%;2,22%;2,30%;2,27%;2,25%;2,34%;2,28%;2,25%;2,18%;2,20%;2,20%;2,20%;2,24%;2,25%;2,24%;2,34%;2,41%;2,40%;2,36%;2,30%;2,27%;2,18%;2,18%;2,26%;2,31%;2,32%;2,33%;2,37%;2,44%;2,42%;2,42%;2,38%;2,32%;2,32%;2,38%;2,33%;2,38%;2,42%;2,45%;2,50%;2,52%;2,60%;2,54%;2,47%;2,45%;2,41%;2,47%;2,48%;2,48%;2,53%;2,57%;2,59%;2,59%;2,63%;2,60%;2,59%;2,48%;2,42%;2,57%;2,52%;2,46%;2,39%;2,59%;2,63%;2,58%;2,54%;2,47%;2,37%;2,35%;2,31%;2,28%;2,20%;2,17%;2,19%;2,21%;2,20%;2,21%;2,17%;2,12%;2,10%;2,03%;2,04%;2,03%;2,03%;2,02%;2,04%;2,06%;2,15%;2,39%;2,68%;3,19%;3,56%;3,96%;4,13%;4,46%;4,72%;4,84%;5,01%;5,20%;5,39%;5,61%;5,65%;5,74%;5,83%;5,86%;5,69%;5,70%;5,67%;5,62%;5,56%;5,50%;5,44%;5,38%;5,26%;5,05%;4,83%;4,60%;4,40%;4,34%;4,22%;4,11%;3,97%;3,84%;3,72%;3,71%;3,71%;3,67%;3,67%;3,69%;3,67%;3,69%;3,69%;3,81%;3,95%;4,02%;4,05%;4,14%;
      kuni 10 aastat;3,93%;4,03%;4,01%;3,49%;3,46%;3,64%;4,01%;3,89%;3,79%;3,82%;3,93%;4,17%;4,49%;4,34%;4,66%;4,59%;4,57%;4,61%;4,84%;5,24%;5,33%;5,60%;5,56%;5,79%;5,95%;5,95%;6,27%;6,08%;6,01%;6,15%;6,25%;6,40%;6,63%;6,84%;6,67%;6,61%;6,62%;6,18%;6,24%;6,45%;6,54%;6,68%;6,87%;6,89%;7,16%;7,20%;7,26%;6,12%;5,74%;5,22%;5,26%;4,30%;4,63%;4,38%;4,72%;4,06%;3,89%;4,25%;4,35%;3,83%;4,02%;4,06%;4,09%;3,90%;4,43%;3,76%;4,32%;3,92%;4,10%;4,01%;4,46%;4,00%;3,61%;3,84%;4,19%;4,05%;4,18%;3,97%;4,02%;3,96%;3,94%;3,83%;3,83%;4,00%;3,92%;3,70%;3,75%;3,66%;3,66%;3,62%;3,54%;3,15%;4,31%;3,97%;3,60%;4,43%;4,77%;4,35%;3,83%;4,19%;4,03%;3,78%;3,95%;4,33%;3,80%;4,06%;4,28%;3,63%;3,40%;3,39%;3,92%;3,77%;3,77%;3,53%;3,66%;3,84%;3,69%;3,20%;3,27%;3,28%;4,07%;3,81%;3,83%;3,41%;4,43%;3,78%;4,28%;4,26%;4,13%;3,70%;3,61%;3,81%;3,91%;3,45%;3,72%;3,63%;4,32%;4,53%;4,88%;4,57%;4,43%;4,13%;4,21%;3,69%;3,96%;4,40%;4,52%;3,82%;4,64%;4,68%;5,27%;5,49%;5,00%;5,26%;5,06%;4,57%;4,79%;4,71%;4,67%;4,38%;4,66%;5,23%;5,25%;5,79%;6,33%;6,04%;5,90%;5,10%;5,54%;5,51%;5,62%;5,93%;5,20%;5,57%;6,12%;6,23%;6,33%;5,71%;5,30%;5,43%;5,79%;5,61%;6,16%;6,73%;5,11%;6,15%;5,73%;5,47%;4,72%;4,78%;4,41%;4,74%;5,07%;4,18%;4,83%;4,81%;4,82%;4,45%;4,80%;4,91%;4,38%;4,69%;4,39%;4,70%;4,26%;4,75%;4,58%;4,44%;4,34%;4,97%;4,48%;5,32%;5,06%;5,58%;5,66%;5,93%;6,11%;6,53%;6,49%;6,41%;7,07%;7,04%;7,22%;7,61%;7,00%;7,26%;7,27%;7,38%;7,19%;7,24%;7,43%;7,58%;7,17%;7,12%;7,35%;7,16%;6,89%;6,67%;6,40%;5,94%;5,73%;5,75%;5,79%;5,70%;6,13%;5,80%;6,17%;6,03%;5,47%;5,61%;5,54%;5,36%;5,58%;5,43%;5,47%;5,64%;5,79%;5,72%;5,77%;
      10 kuni 20 aastat;;;;;;;3,43%;3,54%;3,51%;3,42%;3,68%;3,85%;3,97%;4,06%;4,30%;4,32%;4,34%;4,66%;4,68%;5,02%;5,04%;5,13%;5,43%;5,45%;5,55%;5,81%;5,74%;5,75%;5,87%;5,81%;6,10%;6,24%;6,47%;6,49%;6,45%;6,39%;6,21%;5,91%;5,78%;5,85%;6,12%;6,33%;6,55%;6,74%;6,72%;6,83%;6,57%;5,68%;5,29%;4,70%;4,39%;4,16%;4,22%;4,04%;4,35%;3,96%;3,93%;3,88%;3,69%;3,56%;4,15%;3,76%;3,96%;3,90%;3,68%;3,58%;3,81%;3,80%;3,61%;4,00%;3,53%;3,54%;3,54%;3,60%;3,73%;3,55%;3,65%;3,48%;3,58%;3,62%;3,49%;3,45%;3,44%;3,53%;3,52%;3,40%;3,21%;3,29%;3,00%;3,03%;3,15%;2,88%;2,83%;2,73%;2,57%;2,55%;2,38%;2,54%;2,62%;2,68%;2,47%;2,55%;2,63%;2,53%;2,69%;2,68%;2,81%;2,54%;2,75%;2,60%;2,66%;2,69%;2,73%;2,70%;2,55%;2,56%;2,51%;2,49%;2,34%;2,23%;2,32%;2,20%;2,25%;2,27%;2,23%;2,34%;2,21%;2,30%;2,32%;2,32%;2,40%;2,30%;2,31%;2,30%;2,38%;2,43%;2,36%;2,49%;2,53%;2,54%;2,56%;2,39%;2,38%;2,23%;2,36%;2,33%;2,33%;2,33%;2,28%;2,43%;2,38%;2,28%;2,35%;2,28%;2,27%;2,32%;2,24%;2,22%;2,34%;2,34%;2,34%;2,41%;2,43%;2,37%;2,36%;2,34%;2,31%;2,29%;2,30%;2,30%;2,27%;2,32%;2,37%;2,44%;2,37%;2,42%;2,43%;2,47%;2,45%;2,35%;2,37%;2,40%;2,36%;2,37%;2,43%;2,52%;2,51%;2,47%;2,43%;2,36%;2,35%;2,33%;2,23%;2,23%;2,10%;2,20%;2,19%;2,20%;2,20%;2,20%;2,16%;2,09%;2,07%;2,04%;2,07%;2,07%;2,02%;2,09%;2,08%;2,23%;2,47%;2,78%;3,23%;3,53%;4,03%;4,18%;4,54%;4,76%;4,95%;5,04%;5,23%;5,52%;5,70%;5,73%;5,86%;5,99%;6,01%;5,75%;5,80%;5,71%;5,65%;5,65%;5,57%;5,52%;5,43%;5,31%;5,10%;4,87%;4,63%;4,44%;4,40%;4,32%;4,15%;4,07%;3,90%;3,71%;3,75%;3,73%;3,72%;3,76%;3,76%;3,75%;3,79%;3,77%;3,90%;4,00%;4,07%;4,16%;4,19%;
      20 kuni 30 aastat;;;;;;;;;;;;;;;;;;;;;;;;;;;;;;;;;;;;;5,40%;5,29%;5,23%;5,36%;5,50%;5,71%;5,94%;6,03%;6,12%;6,19%;5,69%;4,97%;4,70%;4,25%;3,88%;3,61%;3,71%;3,59%;3,56%;3,37%;3,38%;3,23%;3,20%;3,14%;3,46%;3,51%;3,42%;3,37%;3,50%;3,21%;3,36%;3,32%;3,34%;3,27%;3,33%;3,30%;3,32%;3,33%;3,37%;3,29%;3,34%;3,31%;3,34%;3,40%;3,26%;3,31%;3,36%;3,32%;3,39%;3,25%;3,10%;2,94%;2,84%;2,77%;2,73%;2,49%;2,36%;2,35%;2,26%;2,23%;2,22%;2,25%;2,31%;2,31%;2,15%;2,15%;2,18%;2,23%;2,21%;2,29%;2,35%;2,25%;2,32%;2,35%;2,30%;2,37%;2,38%;2,28%;2,25%;2,18%;2,11%;2,06%;2,02%;2,04%;2,06%;2,03%;1,99%;1,98%;2,06%;2,05%;1,95%;2,07%;2,02%;2,04%;1,94%;2,04%;2,01%;2,06%;2,08%;2,03%;1,98%;2,02%;2,07%;2,05%;2,02%;2,05%;2,05%;2,03%;1,97%;1,99%;2,01%;2,04%;2,02%;2,03%;2,05%;2,05%;2,10%;2,08%;2,04%;2,07%;2,07%;2,02%;2,09%;2,15%;2,12%;2,15%;2,16%;2,25%;2,19%;2,16%;2,20%;2,17%;2,18%;2,22%;2,19%;2,18%;2,19%;2,22%;2,23%;2,20%;2,20%;2,25%;2,18%;2,17%;2,25%;2,26%;2,18%;2,13%;2,28%;2,24%;2,22%;2,19%;2,19%;2,15%;2,17%;2,13%;2,10%;2,04%;2,05%;1,98%;2,00%;2,02%;1,97%;1,96%;1,94%;1,95%;1,89%;1,92%;1,89%;1,89%;1,88%;1,87%;1,90%;1,98%;2,17%;2,48%;3,05%;3,44%;3,83%;4,03%;4,29%;4,60%;4,72%;4,90%;5,05%;5,25%;5,42%;5,49%;5,61%;5,67%;5,70%;5,55%;5,55%;5,59%;5,54%;5,47%;5,40%;5,37%;5,26%;5,13%;4,95%;4,73%;4,53%;4,34%;4,29%;4,13%;4,02%;3,87%;3,71%;3,62%;3,59%;3,59%;3,58%;3,57%;3,60%;3,60%;3,58%;3,59%;3,70%;3,84%;3,92%;3,95%;4,03%;
      ¸le 30 aasta;;;;;;;;;;;;;;;;;;;;;;;;;;;;;;;;;;;;;5,29%;5,12%;5,11%;5,22%;5,20%;5,46%;5,75%;5,75%;5,87%;5,72%;5,09%;5,08%;4,65%;4,37%;4,29%;3,64%;3,69%;3,31%;3,12%;2,98%;3,04%;3,08%;2,95%;3,00%;3,37%;3,12%;3,21%;3,22%;3,21%;3,18%;3,16%;3,32%;3,09%;2,91%;3,16%;3,28%;3,19%;3,13%;3,09%;3,13%;3,07%;3,25%;3,26%;3,26%;3,24%;3,17%;3,22%;3,32%;3,15%;2,98%;2,92%;2,72%;2,71%;2,64%;2,58%;2,36%;2,25%;2,30%;2,28%;2,27%;2,28%;2,23%;2,23%;2,23%;2,09%;2,21%;2,15%;2,18%;2,25%;2,21%;2,13%;2,26%;2,26%;2,33%;2,31%;2,27%;2,27%;2,21%;2,14%;2,13%;2,03%;1,96%;1,95%;2,05%;1,92%;1,87%;1,94%;1,96%;1,98%;1,97%;1,96%;1,95%;1,94%;1,88%;1,95%;1,89%;1,94%;2,01%;1,89%;1,88%;1,88%;1,89%;1,94%;2,02%;1,93%;1,99%;1,97%;1,93%;1,88%;1,93%;1,93%;1,94%;1,94%;1,95%;1,95%;2,00%;2,09%;2,02%;1,99%;2,06%;2,11%;2,15%;2,02%;2,15%;2,12%;2,14%;2,14%;2,28%;2,17%;2,14%;2,08%;2,15%;2,14%;2,09%;2,10%;2,23%;2,24%;2,23%;2,22%;2,31%;2,18%;2,23%;2,19%;2,14%;2,20%;2,11%;2,15%;1,85%;2,17%;2,33%;2,18%;2,19%;2,23%;2,09%;2,15%;2,10%;2,00%;1,99%;1,94%;1,94%;1,95%;1,99%;1,98%;1,89%;1,88%;1,87%;1,85%;1,85%;1,83%;1,84%;1,83%;1,87%;1,83%;1,96%;2,15%;2,45%;3,00%;3,38%;3,73%;3,81%;4,38%;4,53%;4,76%;4,84%;5,05%;5,22%;5,44%;5,51%;5,60%;5,75%;5,79%;5,68%;5,67%;5,62%;5,61%;5,50%;5,47%;5,36%;5,31%;5,16%;4,99%;4,75%;4,54%;4,36%;4,28%;4,19%;4,04%;3,86%;3,70%;3,61%;3,59%;3,59%;3,60%;3,60%;3,62%;3,54%;3,61%;3,67%;3,70%;3,86%;3,90%;3,95%;4,02%;
   EEK;3,67%;3,78%;3,76%;3,79%;3,91%;4,13%;4,21%;4,19%;4,05%;4,17%;4,03%;3,61%;3,63%;3,65%;3,64%;3,85%;4,31%;4,34%;4,47%;4,43%;4,39%;4,18%;4,18%;4,37%;4,41%;4,86%;4,92%;5,02%;5,41%;5,57%;5,78%;5,96%;6,04%;5,94%;5,94%;6,26%;6,51%;6,62%;6,98%;6,72%;6,20%;6,21%;6,61%;7,00%;6,81%;7,11%;7,15%;9,25%;6,77%;6,62%;8,86%;8,90%;8,16%;8,06%;8,26%;3,70%;12,50%;11,11%;6,57%;8,05%;18,31%;11,25%;7,72%;8,91%;5,87%;3,04%;9,13%;7,07%;3,13%;2,62%;3,75%;3,13%;;;;;;;;;;;;;;;;;;;;;;;;;;;;;;;;;;;;;;;;;;;;;;;;;;;;;;;;;;;;;;;;;;;;;;;;;;;;;;;;;;;;;;;;;;;;;;;;;;;;;;;;;;;;;;;;;;;;;;;;;;;;;;;;;;;;;;;;;;;;;;;;;;;;;;;;;;;;;;;;;;;;;;;;;;;;;;;;;;;;;;;;;;;;
      kuni 10 aastat;4,03%;4,42%;4,48%;3,87%;4,27%;4,33%;4,60%;4,47%;4,28%;4,56%;4,52%;4,09%;4,11%;4,82%;4,70%;4,34%;4,94%;4,66%;5,29%;5,42%;5,60%;5,25%;5,39%;5,57%;5,63%;5,67%;5,82%;6,03%;6,06%;6,24%;6,51%;6,39%;6,51%;6,69%;6,94%;7,15%;7,69%;9,44%;8,70%;7,81%;9,91%;7,82%;7,48%;8,25%;8,41%;9,62%;10,53%;13,97%;6,52%;7,75%;9,90%;10,13%;8,39%;10,32%;8,72%;3,40%;12,50%;11,11%;16,86%;8,05%;18,31%;11,25%;13,57%;13,10%;5,66%;3,04%;9,13%;7,07%;4,07%;7,36%;11,33%;4,81%;;;;;;;;;;;;;;;;;;;;;;;;;;;;;;;;;;;;;;;;;;;;;;;;;;;;;;;;;;;;;;;;;;;;;;;;;;;;;;;;;;;;;;;;;;;;;;;;;;;;;;;;;;;;;;;;;;;;;;;;;;;;;;;;;;;;;;;;;;;;;;;;;;;;;;;;;;;;;;;;;;;;;;;;;;;;;;;;;;;;;;;;;;;;
      10 kuni 20 aastat;;;;;;;4,11%;4,14%;4,08%;4,39%;4,26%;3,72%;4,01%;3,79%;3,93%;4,38%;4,95%;5,09%;4,88%;4,95%;5,01%;4,87%;4,92%;4,84%;4,81%;5,38%;5,44%;5,69%;5,89%;5,95%;6,10%;6,17%;6,33%;6,26%;6,14%;6,33%;6,41%;6,47%;6,11%;5,75%;6,85%;6,63%;5,93%;6,99%;7,10%;6,76%;6,63%;8,45%;;4,50%;8,85%;;;7,65%;;;;;4,50%;;;;5,50%;;6,03%;;;;3,05%;1,90%;2,43%;2,70%;;;;;;;;;;;;;;;;;;;;;;;;;;;;;;;;;;;;;;;;;;;;;;;;;;;;;;;;;;;;;;;;;;;;;;;;;;;;;;;;;;;;;;;;;;;;;;;;;;;;;;;;;;;;;;;;;;;;;;;;;;;;;;;;;;;;;;;;;;;;;;;;;;;;;;;;;;;;;;;;;;;;;;;;;;;;;;;;;;;;;;;;;;;;
      20 kuni 30 aastat;;;;;;;;;;;;;;;;;;;;;;;;;;;;;;;;;;;;;6,41%;6,57%;7,23%;6,83%;6,23%;6,75%;5,00%;6,54%;6,29%;6,64%;5,87%;6,58%;8,13%;8,28%;8,85%;;6,85%;;4,50%;4,50%;;;;;;;;;;;;;2,84%;1,90%;2,50%;;;;;;;;;;;;;;;;;;;;;;;;;;;;;;;;;;;;;;;;;;;;;;;;;;;;;;;;;;;;;;;;;;;;;;;;;;;;;;;;;;;;;;;;;;;;;;;;;;;;;;;;;;;;;;;;;;;;;;;;;;;;;;;;;;;;;;;;;;;;;;;;;;;;;;;;;;;;;;;;;;;;;;;;;;;;;;;;;;;;;;;;;;;;;
      ¸le 30 aasta;;;;;;;;;;;;;;;;;;;;;;;;;;;;;;;;;;;;;5,31%;5,44%;5,76%;4,66%;4,64%;5,02%;;5,00%;5,66%;5,00%;7,25%;;3,60%;3,60%;;8,83%;;;7,95%;;;;;;;;;1,95%;;;;;;;;;;;;;;;;;;;;;;;;;;;;;;;;;;;;;;;;;;;;;;;;;;;;;;;;;;;;;;;;;;;;;;;;;;;;;;;;;;;;;;;;;;;;;;;;;;;;;;;;;;;;;;;;;;;;;;;;;;;;;;;;;;;;;;;;;;;;;;;;;;;;;;;;;;;;;;;;;;;;;;;;;;;;;;;;;;;;;;;;;;;;;;;;;;;;
   sh eluasemelaenud tagatisega;;;;;;;;;;;;;;;;;;;;;;;;;;;;;;;;;;;;;;;;;;;;;;;;;;;;;;;;;;;;;;;;;;;;;;;;;;;;;;;;;;;;;;;;;;;;;;;;;;;;;;;;;;;;;;;;;;;;;;;;;;;;;;;;;;;;;;;;;;;;;;;;;;;;;;;;;;;;;;;;;;;;;;;;;;;;;;;;;;;;;;;;;;;;;;;;;;;;;;;;;;;;;;;;;;;;;;;;;;;;;;;;;;;;;;;;;;;;;;;;;;;;;;;;;;;;;;;;;;;;
      EUR;3,47%;3,51%;3,33%;3,03%;3,05%;3,08%;3,19%;3,29%;3,24%;3,19%;3,38%;3,51%;3,63%;3,71%;3,88%;3,98%;4,01%;4,14%;4,29%;4,50%;4,56%;4,68%;4,83%;4,90%;5,07%;5,18%;5,20%;5,25%;5,39%;5,47%;5,60%;5,75%;5,85%;5,93%;5,80%;5,84%;5,62%;5,44%;5,43%;5,53%;5,63%;5,84%;6,12%;6,21%;6,27%;6,29%;5,77%;5,24%;4,89%;4,43%;4,15%;3,79%;3,90%;3,73%;3,59%;3,55%;3,54%;3,45%;3,43%;3,31%;3,66%;3,53%;3,56%;3,51%;3,59%;3,36%;3,54%;3,51%;3,43%;3,41%;3,45%;3,43%;3,36%;3,39%;3,46%;3,40%;3,44%;3,41%;3,48%;3,48%;3,40%;3,37%;3,40%;3,45%;3,41%;3,25%;3,14%;3,05%;2,94%;2,90%;2,90%;2,66%;2,58%;2,55%;2,45%;2,41%;2,36%;2,44%;2,47%;2,50%;2,33%;2,36%;2,41%;2,43%;2,46%;2,49%;2,52%;2,39%;2,46%;2,46%;2,47%;2,51%;2,54%;2,46%;2,37%;2,36%;2,27%;2,20%;2,13%;2,14%;2,18%;2,11%;2,08%;2,09%;2,15%;2,14%;2,07%;2,17%;2,14%;2,12%;2,08%;2,10%;2,08%;2,12%;2,14%;2,12%;2,06%;2,11%;2,18%;2,19%;2,15%;2,16%;2,15%;2,07%;2,03%;2,10%;2,13%;2,14%;2,13%;2,17%;2,17%;2,17%;2,21%;2,16%;2,13%;2,17%;2,17%;2,14%;2,15%;2,20%;2,20%;2,26%;2,27%;2,33%;2,24%;2,22%;2,23%;2,21%;2,24%;2,24%;2,23%;2,23%;2,26%;2,29%;2,29%;2,30%;2,29%;2,33%;2,26%;2,23%;2,30%;2,28%;2,24%;2,13%;2,32%;2,34%;2,33%;2,30%;2,30%;2,23%;2,23%;2,20%;2,14%;2,10%;2,08%;2,04%;2,08%;2,09%;2,06%;2,02%;2,01%;2,00%;1,95%;1,96%;1,95%;1,94%;1,92%;1,92%;1,94%;2,04%;2,22%;2,53%;3,05%;3,43%;3,83%;4,03%;4,34%;4,60%;4,77%;4,93%;5,09%;5,31%;5,49%;5,55%;5,66%;5,74%;5,77%;5,60%;5,63%;5,62%;5,57%;5,50%;5,45%;5,39%;5,31%;5,18%;5,00%;4,79%;4,58%;4,38%;4,32%;4,18%;4,06%;3,91%;3,76%;3,65%;3,62%;3,62%;3,61%;3,61%;3,63%;3,62%;3,62%;3,63%;3,73%;3,87%;3,95%;3,99%;4,06%;
         kuni 10 aastat;3,94%;4,04%;4,06%;3,50%;3,46%;3,65%;4,01%;3,89%;3,79%;3,82%;3,92%;4,16%;4,50%;4,33%;4,67%;4,59%;4,56%;4,59%;4,84%;5,24%;5,33%;5,60%;5,56%;5,78%;5,94%;5,95%;6,28%;6,09%;6,01%;6,13%;6,25%;6,39%;6,63%;6,84%;6,69%;6,61%;6,64%;6,14%;6,21%;6,46%;6,52%;6,62%;6,85%;6,78%;7,14%;7,14%;7,12%;6,03%;5,58%;5,14%;5,01%;4,27%;4,48%;4,23%;4,12%;4,06%;3,86%;4,21%;4,34%;3,83%;4,02%;4,01%;4,12%;3,90%;4,43%;3,76%;4,32%;3,91%;4,07%;4,00%;4,44%;3,99%;3,59%;3,81%;4,17%;4,05%;4,14%;3,95%;4,02%;3,95%;3,93%;3,81%;3,81%;3,98%;3,90%;3,67%;3,70%;3,59%;3,61%;3,58%;3,52%;3,13%;3,39%;3,09%;3,02%;3,03%;3,03%;3,33%;3,00%;3,09%;2,97%;2,97%;3,07%;3,20%;3,15%;3,22%;3,20%;2,96%;2,70%;2,86%;3,11%;3,06%;3,10%;2,93%;2,74%;2,97%;2,84%;2,68%;2,67%;2,69%;2,91%;2,73%;2,65%;2,64%;2,77%;2,50%;2,72%;2,82%;2,80%;2,67%;2,53%;2,70%;2,62%;2,45%;2,55%;2,41%;2,66%;2,62%;2,96%;2,69%;2,62%;2,81%;2,52%;2,26%;2,40%;2,70%;2,53%;2,36%;2,63%;2,50%;2,71%;2,82%;2,60%;2,67%;2,39%;2,31%;2,38%;2,54%;2,22%;2,23%;2,33%;2,57%;2,60%;2,55%;2,79%;2,64%;2,62%;2,52%;2,70%;2,45%;2,54%;2,50%;2,39%;2,58%;2,65%;2,85%;2,84%;2,71%;2,59%;2,76%;2,65%;2,39%;2,87%;2,83%;2,57%;2,71%;2,78%;2,77%;2,71%;2,62%;2,45%;2,63%;2,47%;2,59%;2,34%;2,28%;2,38%;2,46%;2,47%;2,32%;2,40%;2,38%;2,29%;2,32%;2,27%;2,37%;2,28%;2,15%;2,21%;2,43%;2,51%;2,95%;3,39%;3,64%;3,98%;4,43%;4,60%;4,88%;5,04%;5,10%;5,46%;5,58%;5,87%;5,90%;5,84%;6,00%;6,00%;5,86%;5,98%;5,73%;5,83%;5,74%;5,59%;5,65%;5,57%;5,57%;5,26%;5,02%;4,91%;4,59%;4,50%;4,42%;4,22%;4,11%;4,00%;3,85%;3,88%;3,82%;3,78%;3,96%;3,87%;3,80%;3,77%;3,95%;3,94%;3,96%;4,17%;4,13%;4,24%;
         10 kuni 20 aastat;;;;;;;3,44%;3,54%;3,52%;3,42%;3,68%;3,86%;3,96%;4,06%;4,30%;4,33%;4,33%;4,66%;4,68%;5,03%;5,05%;5,13%;5,44%;5,46%;5,55%;5,81%;5,75%;5,76%;5,87%;5,82%;6,11%;6,25%;6,47%;6,50%;6,47%;6,36%;6,19%;5,88%;5,75%;5,78%;6,04%;6,20%;6,42%;6,67%;6,61%;6,77%;6,45%;5,61%;5,21%;4,63%;4,35%;4,06%;4,14%;3,92%;4,01%;3,89%;3,87%;3,83%;3,65%;3,53%;4,16%;3,75%;3,96%;3,91%;3,68%;3,55%;3,81%;3,80%;3,62%;4,01%;3,53%;3,54%;3,54%;3,60%;3,73%;3,55%;3,65%;3,48%;3,58%;3,63%;3,49%;3,42%;3,44%;3,53%;3,52%;3,37%;3,22%;3,30%;3,00%;3,04%;3,15%;2,88%;2,84%;2,73%;2,57%;2,55%;2,38%;2,54%;2,62%;2,69%;2,48%;2,56%;2,63%;2,53%;2,69%;2,68%;2,80%;2,54%;2,74%;2,60%;2,66%;2,68%;2,72%;2,69%;2,55%;2,55%;2,50%;2,49%;2,34%;2,23%;2,34%;2,20%;2,25%;2,27%;2,26%;2,36%;2,19%;2,30%;2,30%;2,27%;2,40%;2,25%;2,26%;2,28%;2,36%;2,39%;2,27%;2,35%;2,39%;2,43%;2,40%;2,31%;2,35%;2,20%;2,27%;2,26%;2,30%;2,31%;2,25%;2,41%;2,35%;2,27%;2,34%;2,24%;2,26%;2,33%;2,20%;2,17%;2,30%;2,30%;2,30%;2,35%;2,40%;2,33%;2,28%;2,29%;2,29%;2,28%;2,29%;2,27%;2,26%;2,28%;2,34%;2,36%;2,33%;2,37%;2,40%;2,44%;2,41%;2,33%;2,36%;2,35%;2,32%;2,33%;2,40%;2,49%;2,51%;2,43%;2,41%;2,38%;2,35%;2,33%;2,22%;2,22%;2,11%;2,18%;2,20%;2,17%;2,17%;2,12%;2,10%;2,09%;2,05%;2,04%;2,06%;2,03%;1,98%;2,04%;2,04%;2,20%;2,38%;2,69%;3,17%;3,45%;3,98%;4,14%;4,49%;4,69%;4,90%;5,00%;5,18%;5,49%;5,64%;5,68%;5,81%;5,93%;5,95%;5,69%;5,78%;5,69%;5,62%;5,59%;5,55%;5,46%;5,40%;5,28%;5,08%;4,85%;4,63%;4,45%;4,39%;4,28%;4,11%;4,00%;3,87%;3,69%;3,71%;3,71%;3,68%;3,72%;3,72%;3,72%;3,74%;3,71%;3,85%;3,93%;4,04%;4,13%;4,16%;
         20 kuni 30 aastat;;;;;;;;;;;;;;;;;;;;;;;;;;;;;;;;;;;;;5,41%;5,29%;5,22%;5,36%;5,50%;5,71%;5,93%;6,03%;6,12%;6,19%;5,69%;4,97%;4,70%;4,20%;3,88%;3,61%;3,71%;3,54%;3,48%;3,37%;3,38%;3,22%;3,20%;3,14%;3,46%;3,51%;3,42%;3,37%;3,50%;3,21%;3,36%;3,32%;3,34%;3,26%;3,34%;3,30%;3,32%;3,33%;3,37%;3,28%;3,34%;3,31%;3,34%;3,40%;3,26%;3,31%;3,36%;3,32%;3,39%;3,26%;3,10%;2,94%;2,84%;2,77%;2,74%;2,49%;2,36%;2,35%;2,26%;2,23%;2,22%;2,25%;2,32%;2,31%;2,15%;2,14%;2,18%;2,23%;2,21%;2,29%;2,35%;2,25%;2,33%;2,35%;2,30%;2,37%;2,39%;2,28%;2,25%;2,18%;2,11%;2,05%;2,02%;2,04%;2,05%;2,03%;1,96%;1,95%;2,05%;2,03%;1,92%;2,05%;2,02%;2,03%;1,91%;2,03%;1,99%;2,05%;2,09%;2,02%;1,97%;2,01%;2,05%;2,05%;2,02%;2,06%;2,07%;2,05%;1,96%;2,00%;2,05%;2,05%;2,02%;2,04%;2,06%;2,08%;2,13%;2,11%;2,07%;2,11%;2,13%;2,04%;2,11%;2,15%;2,15%;2,18%;2,18%;2,30%;2,19%;2,17%;2,21%;2,17%;2,18%;2,23%;2,20%;2,18%;2,20%;2,23%;2,24%;2,21%;2,21%;2,26%;2,20%;2,17%;2,27%;2,27%;2,18%;2,12%;2,28%;2,25%;2,23%;2,20%;2,21%;2,17%;2,19%;2,15%;2,12%;2,06%;2,07%;2,00%;2,03%;2,04%;1,99%;1,98%;1,96%;1,97%;1,92%;1,93%;1,92%;1,90%;1,90%;1,88%;1,91%;1,99%;2,17%;2,48%;3,03%;3,42%;3,82%;4,02%;4,28%;4,59%;4,73%;4,89%;5,06%;5,25%;5,42%;5,49%;5,61%;5,67%;5,71%;5,55%;5,56%;5,59%;5,55%;5,47%;5,42%;5,38%;5,27%;5,15%;4,97%;4,76%;4,56%;4,36%;4,30%;4,14%;4,04%;3,89%;3,73%;3,64%;3,60%;3,60%;3,59%;3,58%;3,60%;3,61%;3,59%;3,59%;3,70%;3,85%;3,92%;3,96%;4,03%;
         ¸le 30 aasta;;;;;;;;;;;;;;;;;;;;;;;;;;;;;;;;;;;;;5,31%;5,12%;5,11%;5,22%;5,20%;5,46%;5,75%;5,75%;5,87%;5,72%;5,09%;5,08%;4,65%;4,37%;4,29%;3,64%;3,69%;3,30%;3,08%;2,96%;3,04%;3,08%;2,95%;3,00%;3,37%;3,12%;3,21%;3,23%;3,21%;3,18%;3,16%;3,32%;3,09%;2,91%;3,15%;3,28%;3,19%;3,13%;3,09%;3,13%;3,06%;3,25%;3,26%;3,26%;3,24%;3,17%;3,22%;3,32%;3,15%;2,98%;2,92%;2,72%;2,71%;2,64%;2,58%;2,37%;2,25%;2,30%;2,28%;2,27%;2,29%;2,22%;2,23%;2,23%;2,09%;2,21%;2,15%;2,18%;2,26%;2,20%;2,12%;2,25%;2,26%;2,33%;2,31%;2,27%;2,26%;2,20%;2,14%;2,13%;2,03%;1,96%;1,95%;2,05%;1,90%;1,89%;1,93%;1,94%;1,97%;1,94%;1,93%;1,93%;1,91%;1,84%;1,93%;1,86%;1,87%;1,97%;1,85%;1,85%;1,82%;1,83%;1,91%;1,97%;1,87%;1,98%;1,96%;1,91%;1,83%;1,92%;1,93%;1,93%;1,95%;1,95%;1,94%;2,00%;2,14%;2,03%;2,01%;2,11%;2,13%;2,19%;2,02%;2,17%;2,12%;2,17%;2,15%;2,32%;2,17%;2,14%;2,10%;2,17%;2,17%;2,10%;2,13%;2,26%;2,32%;2,31%;2,25%;2,35%;2,20%;2,30%;2,22%;2,15%;2,21%;2,15%;2,17%;1,83%;2,19%;2,35%;2,19%;2,26%;2,29%;2,10%;2,19%;2,14%;2,02%;2,03%;2,00%;1,97%;2,04%;2,03%;2,05%;1,92%;1,97%;1,93%;1,90%;1,91%;1,85%;1,91%;1,86%;1,94%;1,90%;2,01%;2,16%;2,46%;2,96%;3,38%;3,69%;3,76%;4,37%;4,52%;4,82%;4,95%;5,07%;5,27%;5,46%;5,57%;5,64%;5,81%;5,80%;5,72%;5,70%;5,65%;5,62%;5,52%;5,49%;5,37%;5,33%;5,18%;5,03%;4,81%;4,60%;4,39%;4,33%;4,25%;4,08%;3,91%;3,76%;3,64%;3,62%;3,62%;3,62%;3,62%;3,64%;3,56%;3,65%;3,69%;3,72%;3,89%;3,92%;3,96%;4,04%;
      EEK;3,67%;3,80%;3,76%;3,97%;3,85%;3,97%;3,93%;4,04%;3,87%;3,93%;3,82%;3,52%;3,55%;3,56%;3,48%;3,57%;4,03%;4,02%;4,04%;4,04%;4,10%;3,97%;4,03%;4,20%;4,31%;4,74%;4,78%;4,79%;5,21%;5,26%;5,41%;5,83%;5,88%;5,71%;5,77%;6,17%;6,37%;6,30%;6,75%;6,72%;5,73%;5,88%;6,55%;6,49%;6,44%;6,63%;6,47%;7,26%;5,85%;6,39%;8,86%;8,87%;7,83%;7,82%;7,78%;3,26%;8,15%;8,42%;4,50%;7,59%;18,00%;5,80%;5,49%;3,92%;5,60%;2,52%;4,69%;6,73%;2,81%;2,22%;2,60%;3,13%;;;;;;;;;;;;;;;;;;;;;;;;;;;;;;;;;;;;;;;;;;;;;;;;;;;;;;;;;;;;;;;;;;;;;;;;;;;;;;;;;;;;;;;;;;;;;;;;;;;;;;;;;;;;;;;;;;;;;;;;;;;;;;;;;;;;;;;;;;;;;;;;;;;;;;;;;;;;;;;;;;;;;;;;;;;;;;;;;;;;;;;;;;;;
         kuni 10 aastat;4,02%;4,40%;4,48%;4,52%;4,51%;4,25%;4,33%;4,36%;4,15%;4,23%;4,36%;3,98%;3,97%;4,62%;4,20%;4,00%;4,66%;4,42%;4,81%;5,05%;5,28%;4,91%;4,98%;5,08%;5,42%;5,54%;5,84%;5,83%;5,89%;5,93%;6,04%;6,55%;6,36%;6,47%;6,43%;7,11%;7,76%;7,75%;8,29%;7,92%;8,18%;6,86%;6,87%;6,89%;6,84%;8,38%;8,09%;9,78%;3,60%;7,16%;9,90%;10,25%;8,01%;8,90%;8,00%;2,76%;8,15%;8,42%;;7,59%;18,00%;5,80%;5,40%;6,96%;5,01%;2,52%;4,69%;6,73%;2,60%;4,80%;4,82%;4,81%;;;;;;;;;;;;;;;;;;;;;;;;;;;;;;;;;;;;;;;;;;;;;;;;;;;;;;;;;;;;;;;;;;;;;;;;;;;;;;;;;;;;;;;;;;;;;;;;;;;;;;;;;;;;;;;;;;;;;;;;;;;;;;;;;;;;;;;;;;;;;;;;;;;;;;;;;;;;;;;;;;;;;;;;;;;;;;;;;;;;;;;;;;;;
         10 kuni 20 aastat;;;;;;;4,10%;4,03%;3,85%;4,22%;3,96%;3,63%;3,95%;3,63%;3,56%;3,74%;4,40%;4,37%;3,91%;4,32%;4,28%;4,22%;4,53%;4,42%;4,46%;4,96%;5,06%;5,13%;5,47%;5,32%;5,62%;5,99%;6,11%;5,80%;5,94%;6,27%;6,02%;6,73%;6,11%;5,59%;6,40%;6,67%;6,30%;6,94%;7,25%;6,76%;6,63%;8,45%;;4,50%;8,85%;;;7,65%;;;;;4,50%;;;;5,50%;;6,03%;;;;3,05%;1,90%;2,43%;2,70%;;;;;;;;;;;;;;;;;;;;;;;;;;;;;;;;;;;;;;;;;;;;;;;;;;;;;;;;;;;;;;;;;;;;;;;;;;;;;;;;;;;;;;;;;;;;;;;;;;;;;;;;;;;;;;;;;;;;;;;;;;;;;;;;;;;;;;;;;;;;;;;;;;;;;;;;;;;;;;;;;;;;;;;;;;;;;;;;;;;;;;;;;;;;
         20 kuni 30 aastat;;;;;;;;;;;;;;;;;;;;;;;;;;;;;;;;;;;;;6,40%;6,60%;7,23%;6,83%;6,23%;6,75%;5,00%;6,54%;6,29%;6,64%;5,87%;6,58%;8,13%;8,28%;8,85%;;6,85%;;4,50%;4,50%;;;;;;;;;;;;;2,84%;1,90%;2,50%;;;;;;;;;;;;;;;;;;;;;;;;;;;;;;;;;;;;;;;;;;;;;;;;;;;;;;;;;;;;;;;;;;;;;;;;;;;;;;;;;;;;;;;;;;;;;;;;;;;;;;;;;;;;;;;;;;;;;;;;;;;;;;;;;;;;;;;;;;;;;;;;;;;;;;;;;;;;;;;;;;;;;;;;;;;;;;;;;;;;;;;;;;;;;
         ¸le 30 aasta;;;;;;;;;;;;;;;;;;;;;;;;;;;;;;;;;;;;;5,31%;5,44%;5,76%;4,66%;4,64%;5,02%;;5,00%;5,66%;5,00%;7,25%;;3,60%;3,60%;;8,83%;;;7,95%;;;;;;;;;1,95%;;;;;;;;;;;;;;;;;;;;;;;;;;;;;;;;;;;;;;;;;;;;;;;;;;;;;;;;;;;;;;;;;;;;;;;;;;;;;;;;;;;;;;;;;;;;;;;;;;;;;;;;;;;;;;;;;;;;;;;;;;;;;;;;;;;;;;;;;;;;;;;;;;;;;;;;;;;;;;;;;;;;;;;;;;;;;;;;;;;;;;;;;;;;;;;;;;;;
      sh eluasemelaenud tagatisega (ilma lepingumuudatusteta);;;;;;;;;;;;;;;;;;;;;;;;;;;;;;;;;;;;;;;;;;;;;;;;;;;;;;;;;;;;;;;;;;;;;;;;;;;;;;;;;;;;;;;;;;;;;;;;;;;;;;;;;;;;;;;;;;;;;;;;;;;;;;;;;;;;;;;;;;;;;;;;;;;;;;;;;;;;;;;;;;;;;;;;;;;;;;;;;;;;;;;;;;;;;;;;;;;;;;;;;;;;;;;;;;;;;;;;;;;;;;;;;;;;;;;;;;;;;;;;;;;;;;;;;;;;;;;;;;;;
         EUR;;;;;;;;;;;;;;;;;;;;;;;;;;;;;;;;;;;;;;;;;;;;;;;;;;;;;;;;;;;;;;;;;;;;;;;;;;;;;;;;;;;;;;;;;;;;;;;;;;;;;;;;;;;;;;;;;;;;;;;;2,24%;2,32%;2,27%;2,22%;2,30%;2,36%;2,37%;2,30%;2,40%;2,42%;2,32%;2,31%;2,32%;2,31%;2,31%;2,36%;2,33%;2,26%;2,30%;2,37%;2,33%;2,31%;2,31%;2,28%;2,22%;2,24%;2,21%;2,25%;2,30%;2,26%;2,31%;2,30%;2,32%;2,36%;2,29%;2,27%;2,35%;2,30%;2,28%;2,32%;2,37%;2,32%;2,37%;2,40%;2,43%;2,33%;2,29%;2,32%;2,32%;2,32%;2,30%;2,29%;2,30%;2,31%;2,34%;2,35%;2,36%;2,37%;2,41%;2,36%;2,34%;2,39%;2,35%;2,35%;2,42%;2,46%;2,43%;2,41%;2,37%;2,36%;2,31%;2,28%;2,23%;2,18%;2,14%;2,11%;2,09%;2,10%;2,12%;2,07%;2,04%;2,03%;1,98%;1,97%;1,95%;1,95%;1,95%;1,93%;1,92%;1,95%;2,06%;2,34%;2,70%;3,46%;3,91%;4,21%;4,44%;4,71%;4,90%;4,98%;5,07%;5,22%;5,44%;5,57%;5,58%;5,68%;5,76%;5,73%;5,49%;5,52%;5,54%;5,44%;5,39%;5,36%;5,28%;5,15%;5,02%;4,77%;4,53%;4,24%;4,06%;4,04%;4,00%;3,92%;3,75%;3,62%;3,53%;3,54%;3,57%;3,58%;3,58%;3,61%;3,58%;3,62%;3,61%;3,75%;3,95%;4,02%;4,06%;4,12%;
            kuni 10 aastat;;;;;;;;;;;;;;;;;;;;;;;;;;;;;;;;;;;;;;;;;;;;;;;;;;;;;;;;;;;;;;;;;;;;;;;;;;;;;;;;;;;;;;;;;;;;;;;;;;;;;;;;;;;;;;;;;;;;;;;;2,77%;3,34%;3,21%;2,87%;3,02%;3,24%;2,94%;3,14%;3,38%;3,25%;3,21%;2,96%;3,43%;2,99%;2,90%;3,23%;2,79%;3,14%;3,12%;3,54%;3,29%;3,30%;3,15%;3,20%;2,73%;3,09%;2,99%;2,84%;3,21%;3,06%;3,11%;2,89%;3,06%;2,99%;3,19%;2,91%;2,83%;2,61%;2,94%;2,68%;2,99%;2,62%;2,79%;3,06%;2,78%;3,15%;2,78%;2,85%;2,67%;2,84%;2,49%;2,66%;2,59%;2,63%;2,69%;2,73%;2,88%;3,00%;2,75%;2,68%;2,88%;2,76%;2,55%;2,93%;3,06%;2,81%;2,88%;2,90%;2,85%;2,78%;2,71%;2,65%;2,63%;2,55%;2,61%;2,43%;2,42%;2,41%;2,50%;2,56%;2,41%;2,45%;2,33%;2,36%;2,34%;2,15%;2,29%;2,22%;2,12%;2,16%;2,43%;2,56%;3,09%;3,67%;4,13%;4,61%;4,63%;4,99%;5,16%;5,26%;5,06%;5,72%;5,72%;6,04%;5,98%;5,98%;6,12%;5,95%;5,83%;5,79%;5,57%;5,72%;5,63%;5,39%;5,63%;5,42%;5,52%;5,07%;4,76%;4,54%;4,33%;4,21%;4,20%;4,04%;3,99%;3,84%;3,80%;3,80%;3,74%;3,80%;3,84%;3,88%;3,81%;3,72%;3,85%;4,03%;4,06%;4,21%;4,32%;4,40%;
            10 kuni 20 aastat;;;;;;;;;;;;;;;;;;;;;;;;;;;;;;;;;;;;;;;;;;;;;;;;;;;;;;;;;;;;;;;;;;;;;;;;;;;;;;;;;;;;;;;;;;;;;;;;;;;;;;;;;;;;;;;;;;;;;;;;2,32%;2,44%;2,36%;2,33%;2,44%;2,40%;2,49%;2,39%;2,56%;2,56%;2,43%;2,56%;2,43%;2,43%;2,46%;2,55%;2,64%;2,45%;2,50%;2,59%;2,51%;2,52%;2,41%;2,58%;2,33%;2,32%;2,33%;2,39%;2,38%;2,40%;2,48%;2,44%;2,37%;2,43%;2,33%;2,29%;2,46%;2,35%;2,30%;2,37%;2,38%;2,30%;2,45%;2,42%;2,37%;2,36%;2,37%;2,34%;2,34%;2,35%;2,30%;2,31%;2,33%;2,35%;2,42%;2,38%;2,42%;2,46%;2,51%;2,47%;2,41%;2,43%;2,39%;2,37%;2,42%;2,49%;2,48%;2,57%;2,45%;2,45%;2,42%;2,39%;2,34%;2,23%;2,23%;2,15%;2,22%;2,20%;2,19%;2,14%;2,15%;2,11%;2,06%;2,07%;2,00%;2,06%;2,06%;2,01%;2,05%;2,04%;2,23%;2,47%;2,82%;3,58%;4,04%;4,36%;4,54%;4,81%;5,03%;5,14%;5,18%;5,35%;5,65%;5,75%;5,76%;5,86%;5,98%;5,89%;5,56%;5,69%;5,59%;5,50%;5,58%;5,49%;5,39%;5,29%;5,12%;4,89%;4,60%;4,30%;4,16%;4,16%;4,09%;4,03%;3,85%;3,71%;3,58%;3,62%;3,65%;3,63%;3,65%;3,66%;3,68%;3,68%;3,68%;3,86%;4,04%;4,07%;4,17%;4,17%;
            20 kuni 30 aastat;;;;;;;;;;;;;;;;;;;;;;;;;;;;;;;;;;;;;;;;;;;;;;;;;;;;;;;;;;;;;;;;;;;;;;;;;;;;;;;;;;;;;;;;;;;;;;;;;;;;;;;;;;;;;;;;;;;;;;;;2,12%;2,13%;2,16%;2,11%;2,16%;2,26%;2,27%;2,14%;2,25%;2,27%;2,22%;2,13%;2,20%;2,21%;2,23%;2,26%;2,19%;2,12%;2,14%;2,18%;2,18%;2,14%;2,20%;2,15%;2,19%;2,18%;2,11%;2,15%;2,19%;2,11%;2,13%;2,17%;2,21%;2,25%;2,21%;2,20%;2,26%;2,25%;2,19%;2,26%;2,29%;2,30%;2,27%;2,33%;2,39%;2,26%;2,22%;2,28%;2,28%;2,27%;2,28%;2,25%;2,24%;2,22%;2,25%;2,28%;2,26%;2,26%;2,34%;2,29%;2,26%;2,33%;2,32%;2,27%;2,38%;2,38%;2,32%;2,31%;2,25%;2,26%;2,22%;2,22%;2,15%;2,13%;2,08%;2,08%;2,03%;2,05%;2,06%;2,00%;2,00%;1,97%;1,94%;1,93%;1,92%;1,92%;1,91%;1,90%;1,89%;1,92%;2,00%;2,29%;2,67%;3,42%;3,88%;4,19%;4,41%;4,68%;4,88%;4,94%;5,05%;5,17%;5,37%;5,50%;5,52%;5,63%;5,69%;5,68%;5,42%;5,44%;5,52%;5,40%;5,35%;5,31%;5,24%;5,10%;4,95%;4,73%;4,48%;4,20%;4,02%;4,00%;3,96%;3,91%;3,72%;3,59%;3,50%;3,51%;3,56%;3,55%;3,56%;3,58%;3,57%;3,59%;3,59%;3,73%;3,91%;4,00%;4,02%;4,10%;
            ¸le 30 aasta;;;;;;;;;;;;;;;;;;;;;;;;;;;;;;;;;;;;;;;;;;;;;;;;;;;;;;;;;;;;;;;;;;;;;;;;;;;;;;;;;;;;;;;;;;;;;;;;;;;;;;;;;;;;;;;;;;;;;;;;2,18%;2,14%;2,04%;2,11%;2,07%;2,18%;2,17%;2,15%;2,12%;2,16%;2,04%;2,11%;2,16%;2,13%;2,20%;2,13%;2,05%;2,03%;2,07%;2,10%;2,07%;2,07%;2,13%;2,05%;2,04%;2,03%;2,05%;2,06%;2,06%;2,13%;2,14%;2,15%;2,18%;2,34%;2,19%;2,27%;2,36%;2,28%;2,32%;2,23%;2,44%;2,25%;2,31%;2,30%;2,56%;2,33%;2,32%;2,33%;2,33%;2,33%;2,34%;2,27%;2,38%;2,50%;2,38%;2,40%;2,46%;2,39%;2,46%;2,44%;2,37%;2,43%;2,38%;2,51%;2,46%;2,57%;2,64%;2,38%;2,49%;2,42%;2,34%;2,26%;2,29%;2,21%;2,15%;2,12%;2,06%;2,09%;2,08%;2,13%;1,97%;2,06%;1,94%;1,94%;1,93%;1,87%;1,96%;1,89%;1,93%;1,93%;2,04%;2,28%;2,59%;3,44%;3,85%;4,05%;4,35%;4,69%;4,81%;5,00%;5,05%;5,21%;5,40%;5,51%;5,60%;5,65%;5,88%;5,75%;5,71%;5,62%;5,56%;5,54%;5,43%;5,47%;5,27%;5,21%;5,08%;4,82%;4,63%;4,32%;4,11%;4,11%;4,06%;3,87%;3,77%;3,64%;3,55%;3,52%;3,56%;3,59%;3,62%;3,63%;3,52%;3,68%;3,66%;3,69%;4,07%;4,02%;4,09%;4,14%;
Tarbimislaenud;;;;;;;;;;;;;;;;;;;;;;;;;;;;;;;;;;;;;;;;;;;;;;;;;;;;;;;;;;;;;;;;;;;;;;;;;;;;;;;;;;;;;;;;;;;;;;;;;;;;;;;;;;;;;;;;;;;;;;;;;;;;;;;;;;;;;;;;;;;;;;;;;;;;;;;;;;;;;;;;;;;;;;;;;;;;;;;;;;;;;;;;;;;;;;;;;;;;;;;;;;;;;;;;;;;;;;;;;;;;;;;;;;;;;;;;;;;;;;;;;;;;;;;;;;;;;;;;;;;;
   EUR;6,49%;5,96%;8,16%;5,77%;4,96%;5,32%;5,51%;5,35%;5,21%;4,99%;5,17%;5,14%;5,04%;5,18%;5,59%;5,45%;5,50%;5,59%;5,71%;5,91%;5,93%;5,95%;6,05%;6,31%;6,23%;6,35%;6,48%;6,58%;6,54%;6,68%;6,86%;7,16%;7,19%;7,32%;7,17%;7,34%;7,20%;7,02%;7,12%;7,11%;7,18%;7,34%;7,70%;7,74%;7,79%;8,25%;7,54%;7,67%;7,30%;7,03%;6,94%;7,12%;7,35%;7,03%;11,44%;9,77%;7,00%;6,50%;6,60%;23,89%;14,59%;15,09%;14,58%;13,55%;11,29%;14,43%;14,64%;13,90%;7,93%;17,43%;14,21%;17,86%;17,33%;18,26%;18,34%;18,14%;17,28%;17,25%;18,48%;19,28%;18,37%;17,00%;17,36%;20,67%;19,71%;18,30%;18,94%;18,07%;17,62%;20,13%;21,14%;22,23%;14,07%;13,29%;18,03%;19,66%;19,80%;16,53%;19,72%;18,51%;17,87%;18,37%;17,31%;17,26%;16,04%;16,58%;15,92%;16,70%;17,09%;16,50%;16,24%;16,19%;16,66%;15,74%;16,62%;16,40%;16,41%;16,14%;15,58%;16,07%;16,20%;15,70%;15,60%;16,31%;16,56%;16,36%;15,36%;15,01%;14,74%;14,90%;14,25%;14,69%;14,64%;13,99%;17,00%;14,29%;14,97%;14,26%;14,79%;14,45%;14,78%;14,57%;14,74%;13,51%;14,17%;14,82%;14,84%;14,32%;14,39%;14,45%;13,92%;14,51%;14,85%;15,46%;15,21%;15,62%;15,42%;15,88%;15,86%;15,88%;15,40%;16,03%;15,65%;15,72%;15,15%;15,41%;15,65%;15,63%;15,29%;15,21%;15,09%;16,37%;16,38%;16,16%;16,53%;15,97%;15,62%;16,35%;16,29%;16,59%;15,94%;15,57%;15,87%;15,80%;16,49%;16,29%;15,92%;15,60%;14,61%;14,75%;14,60%;14,82%;14,27%;13,39%;13,34%;13,29%;13,08%;12,87%;13,42%;12,97%;12,38%;12,23%;12,28%;12,59%;12,65%;12,17%;12,20%;12,66%;12,71%;13,26%;13,15%;12,84%;12,81%;13,58%;13,78%;14,05%;13,09%;12,77%;12,52%;12,91%;13,12%;13,42%;14,55%;14,28%;14,17%;13,99%;14,38%;14,48%;13,97%;13,60%;13,09%;14,08%;12,97%;13,12%;13,60%;13,25%;12,85%;12,57%;12,13%;12,58%;13,35%;13,76%;13,14%;13,24%;13,09%;13,31%;13,22%;13,03%;13,12%;12,83%;12,61%;12,53%;13,24%;12,75%;12,39%;12,16%;12,21%;12,17%;11,92%;
   EEK;9,59%;10,25%;11,65%;16,60%;16,09%;16,30%;16,56%;16,23%;16,25%;20,92%;23,05%;24,08%;24,22%;21,46%;22,80%;21,77%;21,47%;21,65%;22,10%;21,75%;20,11%;21,21%;20,81%;22,33%;19,96%;19,64%;18,88%;19,22%;20,27%;19,68%;23,30%;19,58%;18,90%;21,62%;25,16%;24,30%;23,41%;26,41%;21,95%;23,44%;24,60%;22,84%;26,32%;26,24%;26,40%;27,57%;27,37%;23,38%;23,72%;25,31%;31,20%;26,09%;25,32%;23,52%;23,27%;23,76%;24,37%;26,00%;25,10%;18,39%;19,91%;18,83%;18,79%;18,62%;18,53%;18,74%;19,18%;18,84%;19,37%;19,82%;19,52%;18,82%;;;;;;;;;;;;;;;;;;;;;;;;;;;;;;;;;;;;;;;;;;;;;;;;;;;;;;;;;;;;;;;;;;;;;;;;;;;;;;;;;;;;;;;;;;;;;;;;;;;;;;;;;;;;;;;;;;;;;;;;;;;;;;;;;;;;;;;;;;;;;;;;;;;;;;;;;;;;;;;;;;;;;;;;;;;;;;;;;;;;;;;;;;;;
Krediitkaardilaen, arvelduskrediit ja muu uuenev krediit [2];;;;;;;;;;;;;;;;;;;;;;;;;;;;;;;;;;;;;;;;;;;;;;;;;;;;;;;;;;;;;;;;;;;;;;;;;;;;;;;;;;;;;;;;;;;;;;;;;;;;;;;;;;;;;;;;;;;;;;;;;;;;;;;;;;;;;;;;;;;;;;;;;;;;;;;;;;;;;;;;;;;;;;;;;;;;;;;;;;;;;;;;;;;;;;;;;;;;;;;;;;;;;;;;;;;;;;;;;;;;;;;;;;;;;;;;;;;;;;;;;;;;;;;;;;;;;;;;;;;;

M‰rkused
[1] Laenusummalt intressim‰‰ra arvutamisel hılmatakse nii aruandeperioodil sılmitud uued lepingud kui ka laenulepingute muudatused.
[2] Muu uuenev krediit sisaldub n‰itajas alates jaanuar 2022.

Kodumajapidamiste tarbimislaenude 2009. aasta intressim‰‰radele avaldavad mıju t‰psustused ¸he krediidiasutuse andmetes - osa seni Eesti krooni laenudena k‰sitletud laene kajastatakse alates detsembrist 2009 eurolaenudena.
