fk_quarter_id,kinnisvara_tehingute_arv,keskmine_ruutmeetri_hind,fk_county_id,maakond,aasta,kvartal,keskmine_brutopalk,tarbijahinnaindeks,kodulaenu_intressimäär
2005-01-01,2946,758.0,1,Harju maakond,2005,1,552,135.86,3.42
2005-01-01,8,163.0,2,Hiiu maakond,2005,1,400,135.86,3.42
2005-01-01,406,117.0,3,Ida-Viru maakond,2005,1,356,135.86,3.42
2005-01-01,52,132.0,5,Järva maakond,2005,1,390,135.86,3.42
2005-01-01,59,84.0,4,Jõgeva maakond,2005,1,394,135.86,3.42
2005-01-01,75,325.0,7,Lääne maakond,2005,1,397,135.86,3.42
2005-01-01,225,170.0,6,Lääne-Viru maakond,2005,1,358,135.86,3.42
2005-01-01,280,562.0,9,Pärnu maakond,2005,1,385,135.86,3.42
2005-01-01,36,109.0,8,Põlva maakond,2005,1,367,135.86,3.42
2005-01-01,79,241.0,10,Rapla maakond,2005,1,377,135.86,3.42
2005-01-01,30,390.0,11,Saare maakond,2005,1,391,135.86,3.42
2005-01-01,553,515.0,12,Tartu maakond,2005,1,446,135.86,3.42
2005-01-01,73,81.0,13,Valga maakond,2005,1,352,135.86,3.42
2005-01-01,84,227.0,14,Viljandi maakond,2005,1,373,135.86,3.42
2005-01-01,47,196.0,15,Võru maakond,2005,1,362,135.86,3.42
2005-04-01,3985,824.0,1,Harju maakond,2005,2,611,137.8,3.05
2005-04-01,30,195.0,2,Hiiu maakond,2005,2,417,137.8,3.05
2005-04-01,462,140.0,3,Ida-Viru maakond,2005,2,398,137.8,3.05
2005-04-01,88,152.0,5,Järva maakond,2005,2,461,137.8,3.05
2005-04-01,81,95.0,4,Jõgeva maakond,2005,2,461,137.8,3.05
2005-04-01,89,362.0,7,Lääne maakond,2005,2,421,137.8,3.05
2005-04-01,207,210.0,6,Lääne-Viru maakond,2005,2,406,137.8,3.05
2005-04-01,437,610.0,9,Pärnu maakond,2005,2,452,137.8,3.05
2005-04-01,37,169.0,8,Põlva maakond,2005,2,407,137.8,3.05
2005-04-01,92,279.0,10,Rapla maakond,2005,2,439,137.8,3.05
2005-04-01,63,435.0,11,Saare maakond,2005,2,454,137.8,3.05
2005-04-01,828,579.0,12,Tartu maakond,2005,2,499,137.8,3.05
2005-04-01,63,112.0,13,Valga maakond,2005,2,401,137.8,3.05
2005-04-01,141,254.0,14,Viljandi maakond,2005,2,424,137.8,3.05
2005-04-01,52,247.0,15,Võru maakond,2005,2,423,137.8,3.05
2005-07-01,4722,879.0,1,Harju maakond,2005,3,574,139.69,3.23
2005-07-01,16,261.0,2,Hiiu maakond,2005,3,441,139.69,3.23
2005-07-01,516,154.0,3,Ida-Viru maakond,2005,3,376,139.69,3.23
2005-07-01,83,199.0,5,Järva maakond,2005,3,427,139.69,3.23
2005-07-01,73,118.0,4,Jõgeva maakond,2005,3,414,139.69,3.23
2005-07-01,85,342.0,7,Lääne maakond,2005,3,396,139.69,3.23
2005-07-01,210,225.0,6,Lääne-Viru maakond,2005,3,394,139.69,3.23
2005-07-01,490,647.0,9,Pärnu maakond,2005,3,432,139.69,3.23
2005-07-01,65,193.0,8,Põlva maakond,2005,3,370,139.69,3.23
2005-07-01,86,316.0,10,Rapla maakond,2005,3,432,139.69,3.23
2005-07-01,88,486.0,11,Saare maakond,2005,3,426,139.69,3.23
2005-07-01,1034,617.0,12,Tartu maakond,2005,3,461,139.69,3.23
2005-07-01,107,92.0,13,Valga maakond,2005,3,380,139.69,3.23
2005-07-01,143,258.0,14,Viljandi maakond,2005,3,384,139.69,3.23
2005-07-01,60,242.0,15,Võru maakond,2005,3,373,139.69,3.23
2005-10-01,5266,992.0,1,Harju maakond,2005,4,637,140.31,3.36
2005-10-01,19,222.0,2,Hiiu maakond,2005,4,475,140.31,3.36
2005-10-01,617,184.0,3,Ida-Viru maakond,2005,4,413,140.31,3.36
2005-10-01,104,228.0,5,Järva maakond,2005,4,479,140.31,3.36
2005-10-01,75,131.0,4,Jõgeva maakond,2005,4,473,140.31,3.36
2005-10-01,96,395.0,7,Lääne maakond,2005,4,442,140.31,3.36
2005-10-01,206,234.0,6,Lääne-Viru maakond,2005,4,440,140.31,3.36
2005-10-01,564,717.0,9,Pärnu maakond,2005,4,476,140.31,3.36
2005-10-01,43,169.0,8,Põlva maakond,2005,4,428,140.31,3.36
2005-10-01,118,316.0,10,Rapla maakond,2005,4,454,140.31,3.36
2005-10-01,70,525.0,11,Saare maakond,2005,4,503,140.31,3.36
2005-10-01,926,708.0,12,Tartu maakond,2005,4,530,140.31,3.36
2005-10-01,88,148.0,13,Valga maakond,2005,4,414,140.31,3.36
2005-10-01,154,266.0,14,Viljandi maakond,2005,4,440,140.31,3.36
2005-10-01,67,274.0,15,Võru maakond,2005,4,435,140.31,3.36
2006-01-01,4018,1147.0,1,Harju maakond,2006,1,639,141.82,3.74
2006-01-01,13,270.0,2,Hiiu maakond,2006,1,440,141.82,3.74
2006-01-01,472,222.0,3,Ida-Viru maakond,2006,1,400,141.82,3.74
2006-01-01,80,287.0,5,Järva maakond,2006,1,447,141.82,3.74
2006-01-01,80,123.0,4,Jõgeva maakond,2006,1,431,141.82,3.74
2006-01-01,91,444.0,7,Lääne maakond,2006,1,403,141.82,3.74
2006-01-01,232,309.0,6,Lääne-Viru maakond,2006,1,418,141.82,3.74
2006-01-01,572,870.0,9,Pärnu maakond,2006,1,466,141.82,3.74
2006-01-01,42,269.0,8,Põlva maakond,2006,1,407,141.82,3.74
2006-01-01,103,351.0,10,Rapla maakond,2006,1,427,141.82,3.74
2006-01-01,53,644.0,11,Saare maakond,2006,1,455,141.82,3.74
2006-01-01,795,865.0,12,Tartu maakond,2006,1,520,141.82,3.74
2006-01-01,77,136.0,13,Valga maakond,2006,1,391,141.82,3.74
2006-01-01,114,393.0,14,Viljandi maakond,2006,1,434,141.82,3.74
2006-01-01,58,317.0,15,Võru maakond,2006,1,406,141.82,3.74
2006-04-01,3447,1261.0,1,Harju maakond,2006,2,696,143.9,4.04
2006-04-01,18,265.0,2,Hiiu maakond,2006,2,490,143.9,4.04
2006-04-01,544,300.0,3,Ida-Viru maakond,2006,2,450,143.9,4.04
2006-04-01,94,272.0,5,Järva maakond,2006,2,528,143.9,4.04
2006-04-01,79,165.0,4,Jõgeva maakond,2006,2,504,143.9,4.04
2006-04-01,129,672.0,7,Lääne maakond,2006,2,486,143.9,4.04
2006-04-01,253,411.0,6,Lääne-Viru maakond,2006,2,474,143.9,4.04
2006-04-01,446,987.0,9,Pärnu maakond,2006,2,521,143.9,4.04
2006-04-01,41,283.0,8,Põlva maakond,2006,2,465,143.9,4.04
2006-04-01,110,405.0,10,Rapla maakond,2006,2,483,143.9,4.04
2006-04-01,94,639.0,11,Saare maakond,2006,2,536,143.9,4.04
2006-04-01,887,942.0,12,Tartu maakond,2006,2,594,143.9,4.04
2006-04-01,104,189.0,13,Valga maakond,2006,2,453,143.9,4.04
2006-04-01,108,400.0,14,Viljandi maakond,2006,2,495,143.9,4.04
2006-04-01,79,371.0,15,Võru maakond,2006,2,483,143.9,4.04
2006-07-01,3824,1335.0,1,Harju maakond,2006,3,670,145.86,4.44
2006-07-01,26,234.0,2,Hiiu maakond,2006,3,477,145.86,4.44
2006-07-01,617,336.0,3,Ida-Viru maakond,2006,3,425,145.86,4.44
2006-07-01,125,326.0,5,Järva maakond,2006,3,494,145.86,4.44
2006-07-01,104,189.0,4,Jõgeva maakond,2006,3,457,145.86,4.44
2006-07-01,104,597.0,7,Lääne maakond,2006,3,424,145.86,4.44
2006-07-01,201,412.0,6,Lääne-Viru maakond,2006,3,468,145.86,4.44
2006-07-01,432,980.0,9,Pärnu maakond,2006,3,481,145.86,4.44
2006-07-01,62,283.0,8,Põlva maakond,2006,3,456,145.86,4.44
2006-07-01,102,416.0,10,Rapla maakond,2006,3,489,145.86,4.44
2006-07-01,91,850.0,11,Saare maakond,2006,3,484,145.86,4.44
2006-07-01,965,1023.0,12,Tartu maakond,2006,3,550,145.86,4.44
2006-07-01,95,223.0,13,Valga maakond,2006,3,427,145.86,4.44
2006-07-01,151,478.0,14,Viljandi maakond,2006,3,453,145.86,4.44
2006-07-01,96,414.0,15,Võru maakond,2006,3,426,145.86,4.44
2006-10-01,4673,1435.0,1,Harju maakond,2006,4,746,146.6,4.8
2006-10-01,19,289.0,2,Hiiu maakond,2006,4,506,146.6,4.8
2006-10-01,659,411.0,3,Ida-Viru maakond,2006,4,466,146.6,4.8
2006-10-01,137,337.0,5,Järva maakond,2006,4,574,146.6,4.8
2006-10-01,81,189.0,4,Jõgeva maakond,2006,4,533,146.6,4.8
2006-10-01,96,584.0,7,Lääne maakond,2006,4,516,146.6,4.8
2006-10-01,283,453.0,6,Lääne-Viru maakond,2006,4,506,146.6,4.8
2006-10-01,528,999.0,9,Pärnu maakond,2006,4,556,146.6,4.8
2006-10-01,68,304.0,8,Põlva maakond,2006,4,510,146.6,4.8
2006-10-01,129,410.0,10,Rapla maakond,2006,4,544,146.6,4.8
2006-10-01,81,701.0,11,Saare maakond,2006,4,542,146.6,4.8
2006-10-01,1091,1055.0,12,Tartu maakond,2006,4,653,146.6,4.8
2006-10-01,115,221.0,13,Valga maakond,2006,4,479,146.6,4.8
2006-10-01,122,594.0,14,Viljandi maakond,2006,4,532,146.6,4.8
2006-10-01,101,426.0,15,Võru maakond,2006,4,505,146.6,4.8
2007-01-01,3835,1526.0,1,Harju maakond,2007,1,766,149.17,5.14
2007-01-01,17,337.0,2,Hiiu maakond,2007,1,491,149.17,5.14
2007-01-01,629,477.0,3,Ida-Viru maakond,2007,1,468,149.17,5.14
2007-01-01,110,377.0,5,Järva maakond,2007,1,545,149.17,5.14
2007-01-01,80,227.0,4,Jõgeva maakond,2007,1,496,149.17,5.14
2007-01-01,91,616.0,7,Lääne maakond,2007,1,499,149.17,5.14
2007-01-01,194,435.0,6,Lääne-Viru maakond,2007,1,501,149.17,5.14
2007-01-01,432,1007.0,9,Pärnu maakond,2007,1,541,149.17,5.14
2007-01-01,58,304.0,8,Põlva maakond,2007,1,511,149.17,5.14
2007-01-01,95,489.0,10,Rapla maakond,2007,1,503,149.17,5.14
2007-01-01,79,797.0,11,Saare maakond,2007,1,561,149.17,5.14
2007-01-01,839,1065.0,12,Tartu maakond,2007,1,637,149.17,5.14
2007-01-01,86,257.0,13,Valga maakond,2007,1,478,149.17,5.14
2007-01-01,119,476.0,14,Viljandi maakond,2007,1,555,149.17,5.14
2007-01-01,73,494.0,15,Võru maakond,2007,1,472,149.17,5.14
2007-04-01,3816,1552.0,1,Harju maakond,2007,2,831,152.07,5.37
2007-04-01,20,328.0,2,Hiiu maakond,2007,2,561,152.07,5.37
2007-04-01,514,488.0,3,Ida-Viru maakond,2007,2,561,152.07,5.37
2007-04-01,103,411.0,5,Järva maakond,2007,2,643,152.07,5.37
2007-04-01,89,257.0,4,Jõgeva maakond,2007,2,597,152.07,5.37
2007-04-01,98,661.0,7,Lääne maakond,2007,2,585,152.07,5.37
2007-04-01,216,494.0,6,Lääne-Viru maakond,2007,2,559,152.07,5.37
2007-04-01,442,1145.0,9,Pärnu maakond,2007,2,637,152.07,5.37
2007-04-01,72,317.0,8,Põlva maakond,2007,2,578,152.07,5.37
2007-04-01,107,455.0,10,Rapla maakond,2007,2,619,152.07,5.37
2007-04-01,93,892.0,11,Saare maakond,2007,2,649,152.07,5.37
2007-04-01,716,1089.0,12,Tartu maakond,2007,2,739,152.07,5.37
2007-04-01,109,257.0,13,Valga maakond,2007,2,537,152.07,5.37
2007-04-01,128,519.0,14,Viljandi maakond,2007,2,623,152.07,5.37
2007-04-01,92,532.0,15,Võru maakond,2007,2,598,152.07,5.37
2007-07-01,2635,1526.0,1,Harju maakond,2007,3,790,155.23,5.73
2007-07-01,20,423.0,2,Hiiu maakond,2007,3,534,155.23,5.73
2007-07-01,478,458.0,3,Ida-Viru maakond,2007,3,512,155.23,5.73
2007-07-01,97,359.0,5,Järva maakond,2007,3,611,155.23,5.73
2007-07-01,65,266.0,4,Jõgeva maakond,2007,3,570,155.23,5.73
2007-07-01,96,747.0,7,Lääne maakond,2007,3,536,155.23,5.73
2007-07-01,219,472.0,6,Lääne-Viru maakond,2007,3,563,155.23,5.73
2007-07-01,315,962.0,9,Pärnu maakond,2007,3,565,155.23,5.73
2007-07-01,62,390.0,8,Põlva maakond,2007,3,554,155.23,5.73
2007-07-01,82,511.0,10,Rapla maakond,2007,3,586,155.23,5.73
2007-07-01,68,825.0,11,Saare maakond,2007,3,626,155.23,5.73
2007-07-01,709,1072.0,12,Tartu maakond,2007,3,685,155.23,5.73
2007-07-01,110,338.0,13,Valga maakond,2007,3,511,155.23,5.73
2007-07-01,129,494.0,14,Viljandi maakond,2007,3,590,155.23,5.73
2007-07-01,105,466.0,15,Võru maakond,2007,3,524,155.23,5.73
2007-10-01,2597,1457.0,1,Harju maakond,2007,4,882,159.86,5.86
2007-10-01,9,391.0,2,Hiiu maakond,2007,4,620,159.86,5.86
2007-10-01,439,465.0,3,Ida-Viru maakond,2007,4,596,159.86,5.86
2007-10-01,86,430.0,5,Järva maakond,2007,4,694,159.86,5.86
2007-10-01,74,245.0,4,Jõgeva maakond,2007,4,656,159.86,5.86
2007-10-01,84,687.0,7,Lääne maakond,2007,4,612,159.86,5.86
2007-10-01,184,525.0,6,Lääne-Viru maakond,2007,4,621,159.86,5.86
2007-10-01,250,929.0,9,Pärnu maakond,2007,4,662,159.86,5.86
2007-10-01,60,341.0,8,Põlva maakond,2007,4,614,159.86,5.86
2007-10-01,88,501.0,10,Rapla maakond,2007,4,650,159.86,5.86
2007-10-01,56,798.0,11,Saare maakond,2007,4,700,159.86,5.86
2007-10-01,575,1063.0,12,Tartu maakond,2007,4,781,159.86,5.86
2007-10-01,85,524.0,13,Valga maakond,2007,4,574,159.86,5.86
2007-10-01,114,450.0,14,Viljandi maakond,2007,4,665,159.86,5.86
2007-10-01,75,418.0,15,Võru maakond,2007,4,607,159.86,5.86
2008-01-01,2250,1419.0,1,Harju maakond,2008,1,897,165.68,5.51
2008-01-01,12,341.0,2,Hiiu maakond,2008,1,621,165.68,5.51
2008-01-01,469,456.0,3,Ida-Viru maakond,2008,1,610,165.68,5.51
2008-01-01,81,312.0,5,Järva maakond,2008,1,662,165.68,5.51
2008-01-01,53,253.0,4,Jõgeva maakond,2008,1,602,165.68,5.51
2008-01-01,61,717.0,7,Lääne maakond,2008,1,583,165.68,5.51
2008-01-01,168,462.0,6,Lääne-Viru maakond,2008,1,613,165.68,5.51
2008-01-01,257,944.0,9,Pärnu maakond,2008,1,660,165.68,5.51
2008-01-01,36,396.0,8,Põlva maakond,2008,1,622,165.68,5.51
2008-01-01,72,436.0,10,Rapla maakond,2008,1,644,165.68,5.51
2008-01-01,80,810.0,11,Saare maakond,2008,1,657,165.68,5.51
2008-01-01,507,1057.0,12,Tartu maakond,2008,1,759,165.68,5.51
2008-01-01,68,374.0,13,Valga maakond,2008,1,556,165.68,5.51
2008-01-01,103,487.0,14,Viljandi maakond,2008,1,644,165.68,5.51
2008-01-01,83,473.0,15,Võru maakond,2008,1,630,165.68,5.51
2008-04-01,2367,1371.0,1,Harju maakond,2008,2,947,169.38,5.71
2008-04-01,13,412.0,2,Hiiu maakond,2008,2,655,169.38,5.71
2008-04-01,402,479.0,3,Ida-Viru maakond,2008,2,690,169.38,5.71
2008-04-01,63,360.0,5,Järva maakond,2008,2,729,169.38,5.71
2008-04-01,71,247.0,4,Jõgeva maakond,2008,2,667,169.38,5.71
2008-04-01,47,604.0,7,Lääne maakond,2008,2,641,169.38,5.71
2008-04-01,168,453.0,6,Lääne-Viru maakond,2008,2,699,169.38,5.71
2008-04-01,229,946.0,9,Pärnu maakond,2008,2,731,169.38,5.71
2008-04-01,32,322.0,8,Põlva maakond,2008,2,691,169.38,5.71
2008-04-01,61,576.0,10,Rapla maakond,2008,2,699,169.38,5.71
2008-04-01,62,945.0,11,Saare maakond,2008,2,727,169.38,5.71
2008-04-01,574,1083.0,12,Tartu maakond,2008,2,850,169.38,5.71
2008-04-01,83,285.0,13,Valga maakond,2008,2,600,169.38,5.71
2008-04-01,105,538.0,14,Viljandi maakond,2008,2,704,169.38,5.71
2008-04-01,61,472.0,15,Võru maakond,2008,2,725,169.38,5.71
2008-07-01,2043,1273.0,1,Harju maakond,2008,3,891,172.09,6.27
2008-07-01,12,377.0,2,Hiiu maakond,2008,3,569,172.09,6.27
2008-07-01,412,388.0,3,Ida-Viru maakond,2008,3,640,172.09,6.27
2008-07-01,85,383.0,5,Järva maakond,2008,3,703,172.09,6.27
2008-07-01,51,205.0,4,Jõgeva maakond,2008,3,665,172.09,6.27
2008-07-01,57,588.0,7,Lääne maakond,2008,3,593,172.09,6.27
2008-07-01,137,387.0,6,Lääne-Viru maakond,2008,3,665,172.09,6.27
2008-07-01,232,808.0,9,Pärnu maakond,2008,3,694,172.09,6.27
2008-07-01,26,179.0,8,Põlva maakond,2008,3,667,172.09,6.27
2008-07-01,74,360.0,10,Rapla maakond,2008,3,691,172.09,6.27
2008-07-01,55,705.0,11,Saare maakond,2008,3,687,172.09,6.27
2008-07-01,518,991.0,12,Tartu maakond,2008,3,778,172.09,6.27
2008-07-01,70,243.0,13,Valga maakond,2008,3,539,172.09,6.27
2008-07-01,107,457.0,14,Viljandi maakond,2008,3,658,172.09,6.27
2008-07-01,53,319.0,15,Võru maakond,2008,3,689,172.09,6.27
2008-10-01,1611,1192.0,1,Harju maakond,2008,4,932,173.07,5.82
2008-10-01,11,536.0,2,Hiiu maakond,2008,4,649,173.07,5.82
2008-10-01,358,433.0,3,Ida-Viru maakond,2008,4,684,173.07,5.82
2008-10-01,45,261.0,5,Järva maakond,2008,4,717,173.07,5.82
2008-10-01,49,313.0,4,Jõgeva maakond,2008,4,665,173.07,5.82
2008-10-01,19,389.0,7,Lääne maakond,2008,4,643,173.07,5.82
2008-10-01,109,348.0,6,Lääne-Viru maakond,2008,4,684,173.07,5.82
2008-10-01,151,712.0,9,Pärnu maakond,2008,4,733,173.07,5.82
2008-10-01,27,233.0,8,Põlva maakond,2008,4,681,173.07,5.82
2008-10-01,43,433.0,10,Rapla maakond,2008,4,719,173.07,5.82
2008-10-01,23,815.0,11,Saare maakond,2008,4,709,173.07,5.82
2008-10-01,303,919.0,12,Tartu maakond,2008,4,837,173.07,5.82
2008-10-01,70,192.0,13,Valga maakond,2008,4,606,173.07,5.82
2008-10-01,70,482.0,14,Viljandi maakond,2008,4,696,173.07,5.82
2008-10-01,38,295.0,15,Võru maakond,2008,4,691,173.07,5.82
2009-01-01,1065,967.0,1,Harju maakond,2009,1,880,170.89,4.53
2009-01-01,7,483.0,2,Hiiu maakond,2009,1,611,170.89,4.53
2009-01-01,301,264.0,3,Ida-Viru maakond,2009,1,624,170.89,4.53
2009-01-01,53,140.0,5,Järva maakond,2009,1,620,170.89,4.53
2009-01-01,25,124.0,4,Jõgeva maakond,2009,1,571,170.89,4.53
2009-01-01,19,455.0,7,Lääne maakond,2009,1,610,170.89,4.53
2009-01-01,96,183.0,6,Lääne-Viru maakond,2009,1,627,170.89,4.53
2009-01-01,93,615.0,9,Pärnu maakond,2009,1,634,170.89,4.53
2009-01-01,18,166.0,8,Põlva maakond,2009,1,607,170.89,4.53
2009-01-01,23,345.0,10,Rapla maakond,2009,1,661,170.89,4.53
2009-01-01,25,595.0,11,Saare maakond,2009,1,617,170.89,4.53
2009-01-01,201,745.0,12,Tartu maakond,2009,1,732,170.89,4.53
2009-01-01,40,170.0,13,Valga maakond,2009,1,553,170.89,4.53
2009-01-01,78,458.0,14,Viljandi maakond,2009,1,628,170.89,4.53
2009-01-01,24,319.0,15,Võru maakond,2009,1,618,170.89,4.53
2009-04-01,1301,868.0,1,Harju maakond,2009,2,912,168.87,3.86
2009-04-01,6,277.0,2,Hiiu maakond,2009,2,618,168.87,3.86
2009-04-01,352,225.0,3,Ida-Viru maakond,2009,2,660,168.87,3.86
2009-04-01,32,120.0,5,Järva maakond,2009,2,655,168.87,3.86
2009-04-01,41,222.0,4,Jõgeva maakond,2009,2,621,168.87,3.86
2009-04-01,27,437.0,7,Lääne maakond,2009,2,639,168.87,3.86
2009-04-01,104,246.0,6,Lääne-Viru maakond,2009,2,640,168.87,3.86
2009-04-01,125,637.0,9,Pärnu maakond,2009,2,688,168.87,3.86
2009-04-01,25,217.0,8,Põlva maakond,2009,2,680,168.87,3.86
2009-04-01,27,261.0,10,Rapla maakond,2009,2,708,168.87,3.86
2009-04-01,46,530.0,11,Saare maakond,2009,2,655,168.87,3.86
2009-04-01,228,692.0,12,Tartu maakond,2009,2,782,168.87,3.86
2009-04-01,42,296.0,13,Valga maakond,2009,2,585,168.87,3.86
2009-04-01,58,238.0,14,Viljandi maakond,2009,2,684,168.87,3.86
2009-04-01,53,305.0,15,Võru maakond,2009,2,698,168.87,3.86
2009-07-01,1629,746.0,1,Harju maakond,2009,3,851,170.25,3.68
2009-07-01,7,256.0,2,Hiiu maakond,2009,3,577,170.25,3.68
2009-07-01,381,212.0,3,Ida-Viru maakond,2009,3,607,170.25,3.68
2009-07-01,23,145.0,5,Järva maakond,2009,3,600,170.25,3.68
2009-07-01,23,140.0,4,Jõgeva maakond,2009,3,522,170.25,3.68
2009-07-01,41,412.0,7,Lääne maakond,2009,3,596,170.25,3.68
2009-07-01,96,262.0,6,Lääne-Viru maakond,2009,3,595,170.25,3.68
2009-07-01,139,559.0,9,Pärnu maakond,2009,3,633,170.25,3.68
2009-07-01,20,195.0,8,Põlva maakond,2009,3,642,170.25,3.68
2009-07-01,24,271.0,10,Rapla maakond,2009,3,598,170.25,3.68
2009-07-01,21,591.0,11,Saare maakond,2009,3,652,170.25,3.68
2009-07-01,325,688.0,12,Tartu maakond,2009,3,712,170.25,3.68
2009-07-01,34,156.0,13,Valga maakond,2009,3,557,170.25,3.68
2009-07-01,55,298.0,14,Viljandi maakond,2009,3,609,170.25,3.68
2009-07-01,37,269.0,15,Võru maakond,2009,3,612,170.25,3.68
2009-10-01,1874,795.0,1,Harju maakond,2009,4,880,169.63,3.42
2009-10-01,374,199.0,3,Ida-Viru maakond,2009,4,646,169.63,3.42
2009-10-01,32,114.0,5,Järva maakond,2009,4,624,169.63,3.42
2009-10-01,30,114.0,4,Jõgeva maakond,2009,4,591,169.63,3.42
2009-10-01,33,381.0,7,Lääne maakond,2009,4,620,169.63,3.42
2009-10-01,93,249.0,6,Lääne-Viru maakond,2009,4,632,169.63,3.42
2009-10-01,129,596.0,9,Pärnu maakond,2009,4,675,169.63,3.42
2009-10-01,25,168.0,8,Põlva maakond,2009,4,647,169.63,3.42
2009-10-01,25,256.0,10,Rapla maakond,2009,4,585,169.63,3.42
2009-10-01,38,409.0,11,Saare maakond,2009,4,642,169.63,3.42
2009-10-01,287,648.0,12,Tartu maakond,2009,4,757,169.63,3.42
2009-10-01,35,235.0,13,Valga maakond,2009,4,582,169.63,3.42
2009-10-01,54,217.0,14,Viljandi maakond,2009,4,651,169.63,3.42
2009-10-01,38,275.0,15,Võru maakond,2009,4,647,169.63,3.42
2010-01-01,1546,828.0,1,Harju maakond,2010,1,852,171.35,3.59
2010-01-01,354,202.0,3,Ida-Viru maakond,2010,1,627,171.35,3.59
2010-01-01,49,153.0,5,Järva maakond,2010,1,586,171.35,3.59
2010-01-01,25,97.0,4,Jõgeva maakond,2010,1,586,171.35,3.59
2010-01-01,29,356.0,7,Lääne maakond,2010,1,650,171.35,3.59
2010-01-01,88,232.0,6,Lääne-Viru maakond,2010,1,621,171.35,3.59
2010-01-01,123,535.0,9,Pärnu maakond,2010,1,666,171.35,3.59
2010-01-01,17,247.0,8,Põlva maakond,2010,1,617,171.35,3.59
2010-01-01,24,196.0,10,Rapla maakond,2010,1,560,171.35,3.59
2010-01-01,36,476.0,11,Saare maakond,2010,1,602,171.35,3.59
2010-01-01,310,683.0,12,Tartu maakond,2010,1,725,171.35,3.59
2010-01-01,40,187.0,13,Valga maakond,2010,1,569,171.35,3.59
2010-01-01,45,377.0,14,Viljandi maakond,2010,1,610,171.35,3.59
2010-01-01,22,279.0,15,Võru maakond,2010,1,590,171.35,3.59
2010-04-01,1891,820.0,1,Harju maakond,2010,2,914,174.21,3.49
2010-04-01,6,339.0,2,Hiiu maakond,2010,2,625,174.21,3.49
2010-04-01,387,210.0,3,Ida-Viru maakond,2010,2,706,174.21,3.49
2010-04-01,53,169.0,5,Järva maakond,2010,2,647,174.21,3.49
2010-04-01,28,148.0,4,Jõgeva maakond,2010,2,668,174.21,3.49
2010-04-01,37,395.0,7,Lääne maakond,2010,2,673,174.21,3.49
2010-04-01,93,215.0,6,Lääne-Viru maakond,2010,2,666,174.21,3.49
2010-04-01,190,610.0,9,Pärnu maakond,2010,2,727,174.21,3.49
2010-04-01,29,174.0,8,Põlva maakond,2010,2,648,174.21,3.49
2010-04-01,27,229.0,10,Rapla maakond,2010,2,608,174.21,3.49
2010-04-01,47,682.0,11,Saare maakond,2010,2,671,174.21,3.49
2010-04-01,401,606.0,12,Tartu maakond,2010,2,808,174.21,3.49
2010-04-01,41,149.0,13,Valga maakond,2010,2,625,174.21,3.49
2010-04-01,60,292.0,14,Viljandi maakond,2010,2,663,174.21,3.49
2010-04-01,50,278.0,15,Võru maakond,2010,2,671,174.21,3.49
2010-07-01,1739,842.0,1,Harju maakond,2010,3,853,175.79,3.5
2010-07-01,10,265.0,2,Hiiu maakond,2010,3,588,175.79,3.5
2010-07-01,436,212.0,3,Ida-Viru maakond,2010,3,619,175.79,3.5
2010-07-01,43,167.0,5,Järva maakond,2010,3,610,175.79,3.5
2010-07-01,43,105.0,4,Jõgeva maakond,2010,3,587,175.79,3.5
2010-07-01,34,401.0,7,Lääne maakond,2010,3,613,175.79,3.5
2010-07-01,130,210.0,6,Lääne-Viru maakond,2010,3,628,175.79,3.5
2010-07-01,186,590.0,9,Pärnu maakond,2010,3,671,175.79,3.5
2010-07-01,23,184.0,8,Põlva maakond,2010,3,583,175.79,3.5
2010-07-01,35,267.0,10,Rapla maakond,2010,3,598,175.79,3.5
2010-07-01,27,503.0,11,Saare maakond,2010,3,639,175.79,3.5
2010-07-01,367,745.0,12,Tartu maakond,2010,3,728,175.79,3.5
2010-07-01,50,138.0,13,Valga maakond,2010,3,560,175.79,3.5
2010-07-01,76,243.0,14,Viljandi maakond,2010,3,614,175.79,3.5
2010-07-01,57,264.0,15,Võru maakond,2010,3,579,175.79,3.5
2010-10-01,2008,894.0,1,Harju maakond,2010,4,905,178.53,3.43
2010-10-01,5,292.0,2,Hiiu maakond,2010,4,685,178.53,3.43
2010-10-01,486,221.0,3,Ida-Viru maakond,2010,4,677,178.53,3.43
2010-10-01,53,157.0,5,Järva maakond,2010,4,650,178.53,3.43
2010-10-01,55,83.0,4,Jõgeva maakond,2010,4,637,178.53,3.43
2010-10-01,39,358.0,7,Lääne maakond,2010,4,685,178.53,3.43
2010-10-01,128,188.0,6,Lääne-Viru maakond,2010,4,673,178.53,3.43
2010-10-01,188,498.0,9,Pärnu maakond,2010,4,712,178.53,3.43
2010-10-01,35,215.0,8,Põlva maakond,2010,4,640,178.53,3.43
2010-10-01,41,234.0,10,Rapla maakond,2010,4,622,178.53,3.43
2010-10-01,40,495.0,11,Saare maakond,2010,4,678,178.53,3.43
2010-10-01,364,700.0,12,Tartu maakond,2010,4,812,178.53,3.43
2010-10-01,73,103.0,13,Valga maakond,2010,4,610,178.53,3.43
2010-10-01,84,278.0,14,Viljandi maakond,2010,4,657,178.53,3.43
2010-10-01,50,230.0,15,Võru maakond,2010,4,643,178.53,3.43
2011-01-01,1442,884.0,1,Harju maakond,2011,1,896,180.57,3.41
2011-01-01,7,326.0,2,Hiiu maakond,2011,1,656,180.57,3.41
2011-01-01,310,208.0,3,Ida-Viru maakond,2011,1,652,180.57,3.41
2011-01-01,49,136.0,5,Järva maakond,2011,1,604,180.57,3.41
2011-01-01,45,99.0,4,Jõgeva maakond,2011,1,636,180.57,3.41
2011-01-01,34,378.0,7,Lääne maakond,2011,1,684,180.57,3.41
2011-01-01,111,203.0,6,Lääne-Viru maakond,2011,1,644,180.57,3.41
2011-01-01,183,493.0,9,Pärnu maakond,2011,1,651,180.57,3.41
2011-01-01,25,198.0,8,Põlva maakond,2011,1,635,180.57,3.41
2011-01-01,18,236.0,10,Rapla maakond,2011,1,638,180.57,3.41
2011-01-01,43,444.0,11,Saare maakond,2011,1,625,180.57,3.41
2011-01-01,254,759.0,12,Tartu maakond,2011,1,751,180.57,3.41
2011-01-01,38,103.0,13,Valga maakond,2011,1,613,180.57,3.41
2011-01-01,62,257.0,14,Viljandi maakond,2011,1,602,180.57,3.41
2011-01-01,32,245.0,15,Võru maakond,2011,1,600,180.57,3.41
2011-04-01,1664,966.0,1,Harju maakond,2011,2,958,183.27,3.42
2011-04-01,10,315.0,2,Hiiu maakond,2011,2,695,183.27,3.42
2011-04-01,438,207.0,3,Ida-Viru maakond,2011,2,707,183.27,3.42
2011-04-01,39,132.0,5,Järva maakond,2011,2,666,183.27,3.42
2011-04-01,32,129.0,4,Jõgeva maakond,2011,2,688,183.27,3.42
2011-04-01,28,361.0,7,Lääne maakond,2011,2,709,183.27,3.42
2011-04-01,110,192.0,6,Lääne-Viru maakond,2011,2,681,183.27,3.42
2011-04-01,195,558.0,9,Pärnu maakond,2011,2,726,183.27,3.42
2011-04-01,25,186.0,8,Põlva maakond,2011,2,690,183.27,3.42
2011-04-01,34,334.0,10,Rapla maakond,2011,2,681,183.27,3.42
2011-04-01,55,463.0,11,Saare maakond,2011,2,695,183.27,3.42
2011-04-01,365,801.0,12,Tartu maakond,2011,2,840,183.27,3.42
2011-04-01,42,140.0,13,Valga maakond,2011,2,688,183.27,3.42
2011-04-01,68,240.0,14,Viljandi maakond,2011,2,668,183.27,3.42
2011-04-01,54,231.0,15,Võru maakond,2011,2,675,183.27,3.42
2011-07-01,1799,997.0,1,Harju maakond,2011,3,915,185.02,3.45
2011-07-01,8,365.0,2,Hiiu maakond,2011,3,649,185.02,3.45
2011-07-01,413,214.0,3,Ida-Viru maakond,2011,3,642,185.02,3.45
2011-07-01,61,207.0,5,Järva maakond,2011,3,624,185.02,3.45
2011-07-01,54,119.0,4,Jõgeva maakond,2011,3,651,185.02,3.45
2011-07-01,39,382.0,7,Lääne maakond,2011,3,648,185.02,3.45
2011-07-01,131,186.0,6,Lääne-Viru maakond,2011,3,674,185.02,3.45
2011-07-01,183,599.0,9,Pärnu maakond,2011,3,668,185.02,3.45
2011-07-01,35,166.0,8,Põlva maakond,2011,3,666,185.02,3.45
2011-07-01,47,244.0,10,Rapla maakond,2011,3,653,185.02,3.45
2011-07-01,46,555.0,11,Saare maakond,2011,3,674,185.02,3.45
2011-07-01,451,753.0,12,Tartu maakond,2011,3,763,185.02,3.45
2011-07-01,49,141.0,13,Valga maakond,2011,3,627,185.02,3.45
2011-07-01,77,307.0,14,Viljandi maakond,2011,3,620,185.02,3.45
2011-07-01,42,291.0,15,Võru maakond,2011,3,603,185.02,3.45
2011-10-01,2008,1008.0,1,Harju maakond,2011,4,974,185.84,3.41
2011-10-01,7,276.0,2,Hiiu maakond,2011,4,717,185.84,3.41
2011-10-01,457,207.0,3,Ida-Viru maakond,2011,4,695,185.84,3.41
2011-10-01,53,182.0,5,Järva maakond,2011,4,688,185.84,3.41
2011-10-01,51,120.0,4,Jõgeva maakond,2011,4,690,185.84,3.41
2011-10-01,36,413.0,7,Lääne maakond,2011,4,698,185.84,3.41
2011-10-01,145,180.0,6,Lääne-Viru maakond,2011,4,693,185.84,3.41
2011-10-01,196,496.0,9,Pärnu maakond,2011,4,716,185.84,3.41
2011-10-01,38,170.0,8,Põlva maakond,2011,4,676,185.84,3.41
2011-10-01,24,311.0,10,Rapla maakond,2011,4,675,185.84,3.41
2011-10-01,43,597.0,11,Saare maakond,2011,4,692,185.84,3.41
2011-10-01,381,756.0,12,Tartu maakond,2011,4,845,185.84,3.41
2011-10-01,37,159.0,13,Valga maakond,2011,4,669,185.84,3.41
2011-10-01,82,285.0,14,Viljandi maakond,2011,4,664,185.84,3.41
2011-10-01,51,197.0,15,Võru maakond,2011,4,684,185.84,3.41
2012-01-01,1827,1013.0,1,Harju maakond,2012,1,959,188.46,3.28
2012-01-01,8,246.0,2,Hiiu maakond,2012,1,770,188.46,3.28
2012-01-01,434,232.0,3,Ida-Viru maakond,2012,1,706,188.46,3.28
2012-01-01,43,174.0,5,Järva maakond,2012,1,651,188.46,3.28
2012-01-01,42,133.0,4,Jõgeva maakond,2012,1,626,188.46,3.28
2012-01-01,36,360.0,7,Lääne maakond,2012,1,707,188.46,3.28
2012-01-01,123,234.0,6,Lääne-Viru maakond,2012,1,703,188.46,3.28
2012-01-01,178,563.0,9,Pärnu maakond,2012,1,730,188.46,3.28
2012-01-01,27,170.0,8,Põlva maakond,2012,1,698,188.46,3.28
2012-01-01,47,199.0,10,Rapla maakond,2012,1,634,188.46,3.28
2012-01-01,37,510.0,11,Saare maakond,2012,1,662,188.46,3.28
2012-01-01,351,784.0,12,Tartu maakond,2012,1,785,188.46,3.28
2012-01-01,48,153.0,13,Valga maakond,2012,1,644,188.46,3.28
2012-01-01,63,281.0,14,Viljandi maakond,2012,1,611,188.46,3.28
2012-01-01,47,218.0,15,Võru maakond,2012,1,614,188.46,3.28
2012-04-01,2107,1030.0,1,Harju maakond,2012,2,1008,190.46,2.97
2012-04-01,12,230.0,2,Hiiu maakond,2012,2,787,190.46,2.97
2012-04-01,491,239.0,3,Ida-Viru maakond,2012,2,739,190.46,2.97
2012-04-01,70,153.0,5,Järva maakond,2012,2,719,190.46,2.97
2012-04-01,42,130.0,4,Jõgeva maakond,2012,2,694,190.46,2.97
2012-04-01,43,367.0,7,Lääne maakond,2012,2,765,190.46,2.97
2012-04-01,146,211.0,6,Lääne-Viru maakond,2012,2,763,190.46,2.97
2012-04-01,228,568.0,9,Pärnu maakond,2012,2,769,190.46,2.97
2012-04-01,19,214.0,8,Põlva maakond,2012,2,728,190.46,2.97
2012-04-01,54,292.0,10,Rapla maakond,2012,2,702,190.46,2.97
2012-04-01,58,529.0,11,Saare maakond,2012,2,721,190.46,2.97
2012-04-01,445,795.0,12,Tartu maakond,2012,2,867,190.46,2.97
2012-04-01,52,196.0,13,Valga maakond,2012,2,720,190.46,2.97
2012-04-01,78,300.0,14,Viljandi maakond,2012,2,678,190.46,2.97
2012-04-01,66,233.0,15,Võru maakond,2012,2,684,190.46,2.97
2012-07-01,2271,1038.0,1,Harju maakond,2012,3,970,191.92,2.75
2012-07-01,8,218.0,2,Hiiu maakond,2012,3,708,191.92,2.75
2012-07-01,556,246.0,3,Ida-Viru maakond,2012,3,683,191.92,2.75
2012-07-01,52,179.0,5,Järva maakond,2012,3,691,191.92,2.75
2012-07-01,52,108.0,4,Jõgeva maakond,2012,3,613,191.92,2.75
2012-07-01,55,312.0,7,Lääne maakond,2012,3,699,191.92,2.75
2012-07-01,150,187.0,6,Lääne-Viru maakond,2012,3,735,191.92,2.75
2012-07-01,256,633.0,9,Pärnu maakond,2012,3,710,191.92,2.75
2012-07-01,33,229.0,8,Põlva maakond,2012,3,727,191.92,2.75
2012-07-01,44,260.0,10,Rapla maakond,2012,3,670,191.92,2.75
2012-07-01,62,560.0,11,Saare maakond,2012,3,701,191.92,2.75
2012-07-01,529,877.0,12,Tartu maakond,2012,3,795,191.92,2.75
2012-07-01,61,158.0,13,Valga maakond,2012,3,631,191.92,2.75
2012-07-01,75,330.0,14,Viljandi maakond,2012,3,626,191.92,2.75
2012-07-01,60,234.0,15,Võru maakond,2012,3,622,191.92,2.75
2012-10-01,2245,1052.0,1,Harju maakond,2012,4,1028,192.77,2.58
2012-10-01,6,438.0,2,Hiiu maakond,2012,4,820,192.77,2.58
2012-10-01,502,232.0,3,Ida-Viru maakond,2012,4,744,192.77,2.58
2012-10-01,55,153.0,5,Järva maakond,2012,4,705,192.77,2.58
2012-10-01,59,150.0,4,Jõgeva maakond,2012,4,694,192.77,2.58
2012-10-01,42,337.0,7,Lääne maakond,2012,4,861,192.77,2.58
2012-10-01,144,199.0,6,Lääne-Viru maakond,2012,4,761,192.77,2.58
2012-10-01,238,607.0,9,Pärnu maakond,2012,4,769,192.77,2.58
2012-10-01,36,189.0,8,Põlva maakond,2012,4,731,192.77,2.58
2012-10-01,56,207.0,10,Rapla maakond,2012,4,687,192.77,2.58
2012-10-01,36,525.0,11,Saare maakond,2012,4,726,192.77,2.58
2012-10-01,434,836.0,12,Tartu maakond,2012,4,884,192.77,2.58
2012-10-01,53,97.0,13,Valga maakond,2012,4,733,192.77,2.58
2012-10-01,86,316.0,14,Viljandi maakond,2012,4,689,192.77,2.58
2012-10-01,55,212.0,15,Võru maakond,2012,4,688,192.77,2.58
2013-01-01,2085,1093.0,1,Harju maakond,2013,1,1022,195.12,2.55
2013-01-01,8,259.0,2,Hiiu maakond,2013,1,768,195.12,2.55
2013-01-01,502,246.0,3,Ida-Viru maakond,2013,1,744,195.12,2.55
2013-01-01,48,152.0,5,Järva maakond,2013,1,687,195.12,2.55
2013-01-01,47,124.0,4,Jõgeva maakond,2013,1,643,195.12,2.55
2013-01-01,39,403.0,7,Lääne maakond,2013,1,779,195.12,2.55
2013-01-01,147,241.0,6,Lääne-Viru maakond,2013,1,756,195.12,2.55
2013-01-01,231,544.0,9,Pärnu maakond,2013,1,739,195.12,2.55
2013-01-01,31,185.0,8,Põlva maakond,2013,1,659,195.12,2.55
2013-01-01,38,247.0,10,Rapla maakond,2013,1,687,195.12,2.55
2013-01-01,43,565.0,11,Saare maakond,2013,1,697,195.12,2.55
2013-01-01,440,876.0,12,Tartu maakond,2013,1,853,195.12,2.55
2013-01-01,55,124.0,13,Valga maakond,2013,1,674,195.12,2.55
2013-01-01,60,349.0,14,Viljandi maakond,2013,1,692,195.12,2.55
2013-01-01,49,238.0,15,Võru maakond,2013,1,670,195.12,2.55
2013-04-01,2449,1144.0,1,Harju maakond,2013,2,1096,196.9,2.53
2013-04-01,11,309.0,2,Hiiu maakond,2013,2,827,196.9,2.53
2013-04-01,509,273.0,3,Ida-Viru maakond,2013,2,810,196.9,2.53
2013-04-01,75,163.0,5,Järva maakond,2013,2,786,196.9,2.53
2013-04-01,65,130.0,4,Jõgeva maakond,2013,2,755,196.9,2.53
2013-04-01,59,336.0,7,Lääne maakond,2013,2,805,196.9,2.53
2013-04-01,150,209.0,6,Lääne-Viru maakond,2013,2,809,196.9,2.53
2013-04-01,256,601.0,9,Pärnu maakond,2013,2,798,196.9,2.53
2013-04-01,36,178.0,8,Põlva maakond,2013,2,763,196.9,2.53
2013-04-01,69,255.0,10,Rapla maakond,2013,2,775,196.9,2.53
2013-04-01,40,532.0,11,Saare maakond,2013,2,769,196.9,2.53
2013-04-01,565,889.0,12,Tartu maakond,2013,2,957,196.9,2.53
2013-04-01,51,138.0,13,Valga maakond,2013,2,758,196.9,2.53
2013-04-01,108,280.0,14,Viljandi maakond,2013,2,745,196.9,2.53
2013-04-01,68,240.0,15,Võru maakond,2013,2,794,196.9,2.53
2013-07-01,2468,1172.0,1,Harju maakond,2013,3,1059,197.28,2.54
2013-07-01,15,249.0,2,Hiiu maakond,2013,3,803,197.28,2.54
2013-07-01,614,274.0,3,Ida-Viru maakond,2013,3,757,197.28,2.54
2013-07-01,108,156.0,5,Järva maakond,2013,3,728,197.28,2.54
2013-07-01,86,130.0,4,Jõgeva maakond,2013,3,704,197.28,2.54
2013-07-01,69,610.0,7,Lääne maakond,2013,3,762,197.28,2.54
2013-07-01,177,198.0,6,Lääne-Viru maakond,2013,3,771,197.28,2.54
2013-07-01,246,675.0,9,Pärnu maakond,2013,3,746,197.28,2.54
2013-07-01,35,165.0,8,Põlva maakond,2013,3,726,197.28,2.54
2013-07-01,77,276.0,10,Rapla maakond,2013,3,744,197.28,2.54
2013-07-01,45,485.0,11,Saare maakond,2013,3,750,197.28,2.54
2013-07-01,653,970.0,12,Tartu maakond,2013,3,868,197.28,2.54
2013-07-01,55,132.0,13,Valga maakond,2013,3,696,197.28,2.54
2013-07-01,123,278.0,14,Viljandi maakond,2013,3,710,197.28,2.54
2013-07-01,74,226.0,15,Võru maakond,2013,3,732,197.28,2.54
2013-10-01,2547,1239.0,1,Harju maakond,2013,4,1106,195.61,2.57
2013-10-01,8,211.0,2,Hiiu maakond,2013,4,846,195.61,2.57
2013-10-01,623,253.0,3,Ida-Viru maakond,2013,4,819,195.61,2.57
2013-10-01,71,147.0,5,Järva maakond,2013,4,765,195.61,2.57
2013-10-01,57,126.0,4,Jõgeva maakond,2013,4,742,195.61,2.57
2013-10-01,46,340.0,7,Lääne maakond,2013,4,899,195.61,2.57
2013-10-01,202,235.0,6,Lääne-Viru maakond,2013,4,829,195.61,2.57
2013-10-01,269,630.0,9,Pärnu maakond,2013,4,798,195.61,2.57
2013-10-01,29,196.0,8,Põlva maakond,2013,4,754,195.61,2.57
2013-10-01,52,287.0,10,Rapla maakond,2013,4,782,195.61,2.57
2013-10-01,64,520.0,11,Saare maakond,2013,4,802,195.61,2.57
2013-10-01,523,973.0,12,Tartu maakond,2013,4,957,195.61,2.57
2013-10-01,66,112.0,13,Valga maakond,2013,4,795,195.61,2.57
2013-10-01,106,292.0,14,Viljandi maakond,2013,4,784,195.61,2.57
2013-10-01,59,218.0,15,Võru maakond,2013,4,761,195.61,2.57
2014-01-01,2349,1297.0,1,Harju maakond,2014,1,1090,196.3,2.55
2014-01-01,551,271.0,3,Ida-Viru maakond,2014,1,804,196.3,2.55
2014-01-01,82,151.0,5,Järva maakond,2014,1,755,196.3,2.55
2014-01-01,55,140.0,4,Jõgeva maakond,2014,1,701,196.3,2.55
2014-01-01,47,326.0,7,Lääne maakond,2014,1,886,196.3,2.55
2014-01-01,156,234.0,6,Lääne-Viru maakond,2014,1,794,196.3,2.55
2014-01-01,254,701.0,9,Pärnu maakond,2014,1,777,196.3,2.55
2014-01-01,47,182.0,8,Põlva maakond,2014,1,759,196.3,2.55
2014-01-01,47,260.0,10,Rapla maakond,2014,1,757,196.3,2.55
2014-01-01,49,554.0,11,Saare maakond,2014,1,751,196.3,2.55
2014-01-01,460,1036.0,12,Tartu maakond,2014,1,920,196.3,2.55
2014-01-01,71,86.0,13,Valga maakond,2014,1,751,196.3,2.55
2014-01-01,94,314.0,14,Viljandi maakond,2014,1,771,196.3,2.55
2014-01-01,64,278.0,15,Võru maakond,2014,1,730,196.3,2.55
2014-04-01,2316,1297.0,1,Harju maakond,2014,2,1146,196.86,2.59
2014-04-01,8,302.0,2,Hiiu maakond,2014,2,894,196.86,2.59
2014-04-01,554,296.0,3,Ida-Viru maakond,2014,2,828,196.86,2.59
2014-04-01,81,145.0,5,Järva maakond,2014,2,852,196.86,2.59
2014-04-01,71,135.0,4,Jõgeva maakond,2014,2,777,196.86,2.59
2014-04-01,63,395.0,7,Lääne maakond,2014,2,867,196.86,2.59
2014-04-01,179,249.0,6,Lääne-Viru maakond,2014,2,867,196.86,2.59
2014-04-01,259,691.0,9,Pärnu maakond,2014,2,824,196.86,2.59
2014-04-01,33,226.0,8,Põlva maakond,2014,2,825,196.86,2.59
2014-04-01,59,309.0,10,Rapla maakond,2014,2,820,196.86,2.59
2014-04-01,48,529.0,11,Saare maakond,2014,2,780,196.86,2.59
2014-04-01,481,1026.0,12,Tartu maakond,2014,2,1010,196.86,2.59
2014-04-01,57,127.0,13,Valga maakond,2014,2,770,196.86,2.59
2014-04-01,119,340.0,14,Viljandi maakond,2014,2,832,196.86,2.59
2014-04-01,73,266.0,15,Võru maakond,2014,2,796,196.86,2.59
2014-07-01,2411,1331.0,1,Harju maakond,2014,3,1100,196.16,2.43
2014-07-01,14,269.0,2,Hiiu maakond,2014,3,967,196.16,2.43
2014-07-01,559,287.0,3,Ida-Viru maakond,2014,3,769,196.16,2.43
2014-07-01,106,164.0,5,Järva maakond,2014,3,782,196.16,2.43
2014-07-01,74,170.0,4,Jõgeva maakond,2014,3,762,196.16,2.43
2014-07-01,62,402.0,7,Lääne maakond,2014,3,821,196.16,2.43
2014-07-01,205,237.0,6,Lääne-Viru maakond,2014,3,823,196.16,2.43
2014-07-01,287,653.0,9,Pärnu maakond,2014,3,824,196.16,2.43
2014-07-01,55,217.0,8,Põlva maakond,2014,3,750,196.16,2.43
2014-07-01,79,254.0,10,Rapla maakond,2014,3,791,196.16,2.43
2014-07-01,59,462.0,11,Saare maakond,2014,3,809,196.16,2.43
2014-07-01,566,1028.0,12,Tartu maakond,2014,3,923,196.16,2.43
2014-07-01,71,147.0,13,Valga maakond,2014,3,753,196.16,2.43
2014-07-01,133,366.0,14,Viljandi maakond,2014,3,803,196.16,2.43
2014-07-01,86,222.0,15,Võru maakond,2014,3,763,196.16,2.43
2014-10-01,2610,1366.0,1,Harju maakond,2014,4,1160,194.71,2.21
2014-10-01,19,266.0,2,Hiiu maakond,2014,4,1231,194.71,2.21
2014-10-01,501,285.0,3,Ida-Viru maakond,2014,4,829,194.71,2.21
2014-10-01,98,155.0,5,Järva maakond,2014,4,855,194.71,2.21
2014-10-01,64,120.0,4,Jõgeva maakond,2014,4,749,194.71,2.21
2014-10-01,58,424.0,7,Lääne maakond,2014,4,882,194.71,2.21
2014-10-01,204,226.0,6,Lääne-Viru maakond,2014,4,853,194.71,2.21
2014-10-01,291,606.0,9,Pärnu maakond,2014,4,869,194.71,2.21
2014-10-01,63,229.0,8,Põlva maakond,2014,4,821,194.71,2.21
2014-10-01,70,278.0,10,Rapla maakond,2014,4,848,194.71,2.21
2014-10-01,46,532.0,11,Saare maakond,2014,4,835,194.71,2.21
2014-10-01,568,1040.0,12,Tartu maakond,2014,4,1017,194.71,2.21
2014-10-01,87,117.0,13,Valga maakond,2014,4,798,194.71,2.21
2014-10-01,127,331.0,14,Viljandi maakond,2014,4,867,194.71,2.21
2014-10-01,93,232.0,15,Võru maakond,2014,4,845,194.71,2.21
2015-01-01,2426,1432.0,1,Harju maakond,2015,1,1130,194.53,2.23
2015-01-01,8,348.0,2,Hiiu maakond,2015,1,823,194.53,2.23
2015-01-01,479,280.0,3,Ida-Viru maakond,2015,1,812,194.53,2.23
2015-01-01,82,186.0,5,Järva maakond,2015,1,835,194.53,2.23
2015-01-01,56,144.0,4,Jõgeva maakond,2015,1,743,194.53,2.23
2015-01-01,48,417.0,7,Lääne maakond,2015,1,849,194.53,2.23
2015-01-01,166,239.0,6,Lääne-Viru maakond,2015,1,836,194.53,2.23
2015-01-01,228,686.0,9,Pärnu maakond,2015,1,809,194.53,2.23
2015-01-01,34,211.0,8,Põlva maakond,2015,1,749,194.53,2.23
2015-01-01,69,278.0,10,Rapla maakond,2015,1,800,194.53,2.23
2015-01-01,68,572.0,11,Saare maakond,2015,1,778,194.53,2.23
2015-01-01,551,1093.0,12,Tartu maakond,2015,1,989,194.53,2.23
2015-01-01,51,130.0,13,Valga maakond,2015,1,801,194.53,2.23
2015-01-01,94,317.0,14,Viljandi maakond,2015,1,886,194.53,2.23
2015-01-01,61,273.0,15,Võru maakond,2015,1,785,194.53,2.23
2015-04-01,2835,1441.0,1,Harju maakond,2015,2,1194,196.76,2.26
2015-04-01,8,358.0,2,Hiiu maakond,2015,2,855,196.76,2.26
2015-04-01,475,302.0,3,Ida-Viru maakond,2015,2,890,196.76,2.26
2015-04-01,138,176.0,5,Järva maakond,2015,2,919,196.76,2.26
2015-04-01,59,146.0,4,Jõgeva maakond,2015,2,886,196.76,2.26
2015-04-01,64,415.0,7,Lääne maakond,2015,2,922,196.76,2.26
2015-04-01,187,269.0,6,Lääne-Viru maakond,2015,2,933,196.76,2.26
2015-04-01,317,659.0,9,Pärnu maakond,2015,2,879,196.76,2.26
2015-04-01,59,169.0,8,Põlva maakond,2015,2,838,196.76,2.26
2015-04-01,65,305.0,10,Rapla maakond,2015,2,894,196.76,2.26
2015-04-01,46,531.0,11,Saare maakond,2015,2,854,196.76,2.26
2015-04-01,578,1109.0,12,Tartu maakond,2015,2,1076,196.76,2.26
2015-04-01,68,174.0,13,Valga maakond,2015,2,844,196.76,2.26
2015-04-01,121,366.0,14,Viljandi maakond,2015,2,929,196.76,2.26
2015-04-01,71,247.0,15,Võru maakond,2015,2,906,196.76,2.26
2015-07-01,2676,1431.0,1,Harju maakond,2015,3,1169,195.25,2.29
2015-07-01,7,223.0,2,Hiiu maakond,2015,3,879,195.25,2.29
2015-07-01,552,257.0,3,Ida-Viru maakond,2015,3,828,195.25,2.29
2015-07-01,100,155.0,5,Järva maakond,2015,3,856,195.25,2.29
2015-07-01,79,145.0,4,Jõgeva maakond,2015,3,791,195.25,2.29
2015-07-01,90,432.0,7,Lääne maakond,2015,3,890,195.25,2.29
2015-07-01,210,254.0,6,Lääne-Viru maakond,2015,3,886,195.25,2.29
2015-07-01,310,662.0,9,Pärnu maakond,2015,3,826,195.25,2.29
2015-07-01,50,212.0,8,Põlva maakond,2015,3,772,195.25,2.29
2015-07-01,81,302.0,10,Rapla maakond,2015,3,906,195.25,2.29
2015-07-01,39,615.0,11,Saare maakond,2015,3,829,195.25,2.29
2015-07-01,729,1119.0,12,Tartu maakond,2015,3,1008,195.25,2.29
2015-07-01,89,127.0,13,Valga maakond,2015,3,809,195.25,2.29
2015-07-01,128,367.0,14,Viljandi maakond,2015,3,903,195.25,2.29
2015-07-01,86,217.0,15,Võru maakond,2015,3,860,195.25,2.29
2015-10-01,3016,1443.0,1,Harju maakond,2015,4,1226,193.65,2.21
2015-10-01,10,336.0,2,Hiiu maakond,2015,4,899,193.65,2.21
2015-10-01,531,272.0,3,Ida-Viru maakond,2015,4,889,193.65,2.21
2015-10-01,120,193.0,5,Järva maakond,2015,4,918,193.65,2.21
2015-10-01,60,146.0,4,Jõgeva maakond,2015,4,903,193.65,2.21
2015-10-01,65,402.0,7,Lääne maakond,2015,4,929,193.65,2.21
2015-10-01,204,264.0,6,Lääne-Viru maakond,2015,4,920,193.65,2.21
2015-10-01,309,673.0,9,Pärnu maakond,2015,4,915,193.65,2.21
2015-10-01,50,258.0,8,Põlva maakond,2015,4,826,193.65,2.21
2015-10-01,88,307.0,10,Rapla maakond,2015,4,911,193.65,2.21
2015-10-01,61,606.0,11,Saare maakond,2015,4,874,193.65,2.21
2015-10-01,556,1055.0,12,Tartu maakond,2015,4,1086,193.65,2.21
2015-10-01,76,143.0,13,Valga maakond,2015,4,834,193.65,2.21
2015-10-01,117,354.0,14,Viljandi maakond,2015,4,968,193.65,2.21
2015-10-01,89,258.0,15,Võru maakond,2015,4,938,193.65,2.21
2016-01-01,2514,1458.0,1,Harju maakond,2016,1,1220,193.71,2.21
2016-01-01,7,249.0,2,Hiiu maakond,2016,1,842,193.71,2.21
2016-01-01,422,259.0,3,Ida-Viru maakond,2016,1,866,193.71,2.21
2016-01-01,93,207.0,5,Järva maakond,2016,1,882,193.71,2.21
2016-01-01,72,140.0,4,Jõgeva maakond,2016,1,811,193.71,2.21
2016-01-01,68,385.0,7,Lääne maakond,2016,1,945,193.71,2.21
2016-01-01,184,269.0,6,Lääne-Viru maakond,2016,1,878,193.71,2.21
2016-01-01,262,710.0,9,Pärnu maakond,2016,1,877,193.71,2.21
2016-01-01,40,211.0,8,Põlva maakond,2016,1,808,193.71,2.21
2016-01-01,76,338.0,10,Rapla maakond,2016,1,882,193.71,2.21
2016-01-01,67,549.0,11,Saare maakond,2016,1,832,193.71,2.21
2016-01-01,501,1072.0,12,Tartu maakond,2016,1,1065,193.71,2.21
2016-01-01,80,148.0,13,Valga maakond,2016,1,859,193.71,2.21
2016-01-01,104,389.0,14,Viljandi maakond,2016,1,930,193.71,2.21
2016-01-01,64,276.0,15,Võru maakond,2016,1,856,193.71,2.21
2016-04-01,2816,1471.0,1,Harju maakond,2016,2,1279,195.41,2.28
2016-04-01,12,358.0,2,Hiiu maakond,2016,2,937,195.41,2.28
2016-04-01,448,255.0,3,Ida-Viru maakond,2016,2,903,195.41,2.28
2016-04-01,111,163.0,5,Järva maakond,2016,2,980,195.41,2.28
2016-04-01,66,147.0,4,Jõgeva maakond,2016,2,927,195.41,2.28
2016-04-01,92,495.0,7,Lääne maakond,2016,2,1013,195.41,2.28
2016-04-01,210,263.0,6,Lääne-Viru maakond,2016,2,963,195.41,2.28
2016-04-01,307,759.0,9,Pärnu maakond,2016,2,972,195.41,2.28
2016-04-01,52,267.0,8,Põlva maakond,2016,2,901,195.41,2.28
2016-04-01,89,342.0,10,Rapla maakond,2016,2,959,195.41,2.28
2016-04-01,56,613.0,11,Saare maakond,2016,2,912,195.41,2.28
2016-04-01,648,1145.0,12,Tartu maakond,2016,2,1191,195.41,2.28
2016-04-01,74,158.0,13,Valga maakond,2016,2,909,195.41,2.28
2016-04-01,126,356.0,14,Viljandi maakond,2016,2,1022,195.41,2.28
2016-04-01,100,276.0,15,Võru maakond,2016,2,965,195.41,2.28
2016-07-01,2880,1555.0,1,Harju maakond,2016,3,1253,196.09,2.39
2016-07-01,12,255.0,2,Hiiu maakond,2016,3,866,196.09,2.39
2016-07-01,532,255.0,3,Ida-Viru maakond,2016,3,858,196.09,2.39
2016-07-01,106,161.0,5,Järva maakond,2016,3,915,196.09,2.39
2016-07-01,77,149.0,4,Jõgeva maakond,2016,3,843,196.09,2.39
2016-07-01,89,458.0,7,Lääne maakond,2016,3,944,196.09,2.39
2016-07-01,248,274.0,6,Lääne-Viru maakond,2016,3,939,196.09,2.39
2016-07-01,344,806.0,9,Pärnu maakond,2016,3,887,196.09,2.39
2016-07-01,55,236.0,8,Põlva maakond,2016,3,808,196.09,2.39
2016-07-01,79,287.0,10,Rapla maakond,2016,3,904,196.09,2.39
2016-07-01,66,611.0,11,Saare maakond,2016,3,852,196.09,2.39
2016-07-01,723,1126.0,12,Tartu maakond,2016,3,1105,196.09,2.39
2016-07-01,90,143.0,13,Valga maakond,2016,3,856,196.09,2.39
2016-07-01,129,413.0,14,Viljandi maakond,2016,3,974,196.09,2.39
2016-07-01,97,292.0,15,Võru maakond,2016,3,864,196.09,2.39
2016-10-01,3095,1580.0,1,Harju maakond,2016,4,1299,196.14,2.25
2016-10-01,11,244.0,2,Hiiu maakond,2016,4,933,196.14,2.25
2016-10-01,504,253.0,3,Ida-Viru maakond,2016,4,949,196.14,2.25
2016-10-01,78,222.0,5,Järva maakond,2016,4,1000,196.14,2.25
2016-10-01,61,140.0,4,Jõgeva maakond,2016,4,956,196.14,2.25
2016-10-01,71,438.0,7,Lääne maakond,2016,4,966,196.14,2.25
2016-10-01,211,239.0,6,Lääne-Viru maakond,2016,4,972,196.14,2.25
2016-10-01,311,753.0,9,Pärnu maakond,2016,4,949,196.14,2.25
2016-10-01,50,265.0,8,Põlva maakond,2016,4,919,196.14,2.25
2016-10-01,76,331.0,10,Rapla maakond,2016,4,956,196.14,2.25
2016-10-01,58,677.0,11,Saare maakond,2016,4,903,196.14,2.25
2016-10-01,632,1129.0,12,Tartu maakond,2016,4,1217,196.14,2.25
2016-10-01,73,239.0,13,Valga maakond,2016,4,919,196.14,2.25
2016-10-01,120,350.0,14,Viljandi maakond,2016,4,1032,196.14,2.25
2016-10-01,80,291.0,15,Võru maakond,2016,4,932,196.14,2.25
2017-01-01,3012,1612.0,1,Harju maakond,2017,1,1284,199.49,2.25
2017-01-01,13,348.0,2,Hiiu maakond,2017,1,868,199.49,2.25
2017-01-01,556,254.0,3,Ida-Viru maakond,2017,1,932,199.49,2.25
2017-01-01,82,212.0,5,Järva maakond,2017,1,923,199.49,2.25
2017-01-01,63,179.0,4,Jõgeva maakond,2017,1,850,199.49,2.25
2017-01-01,77,448.0,7,Lääne maakond,2017,1,966,199.49,2.25
2017-01-01,224,279.0,6,Lääne-Viru maakond,2017,1,911,199.49,2.25
2017-01-01,316,845.0,9,Pärnu maakond,2017,1,946,199.49,2.25
2017-01-01,46,290.0,8,Põlva maakond,2017,1,840,199.49,2.25
2017-01-01,93,408.0,10,Rapla maakond,2017,1,937,199.49,2.25
2017-01-01,50,638.0,11,Saare maakond,2017,1,816,199.49,2.25
2017-01-01,573,1143.0,12,Tartu maakond,2017,1,1140,199.49,2.25
2017-01-01,93,137.0,13,Valga maakond,2017,1,895,199.49,2.25
2017-01-01,110,383.0,14,Viljandi maakond,2017,1,989,199.49,2.25
2017-01-01,78,342.0,15,Võru maakond,2017,1,927,199.49,2.25
2017-04-01,2850,1555.0,1,Harju maakond,2017,2,1372,201.52,2.34
2017-04-01,5,342.0,2,Hiiu maakond,2017,2,869,201.52,2.34
2017-04-01,564,247.0,3,Ida-Viru maakond,2017,2,1029,201.52,2.34
2017-04-01,108,220.0,5,Järva maakond,2017,2,997,201.52,2.34
2017-04-01,82,182.0,4,Jõgeva maakond,2017,2,943,201.52,2.34
2017-04-01,91,462.0,7,Lääne maakond,2017,2,1025,201.52,2.34
2017-04-01,194,283.0,6,Lääne-Viru maakond,2017,2,1010,201.52,2.34
2017-04-01,345,862.0,9,Pärnu maakond,2017,2,1037,201.52,2.34
2017-04-01,32,248.0,8,Põlva maakond,2017,2,915,201.52,2.34
2017-04-01,96,395.0,10,Rapla maakond,2017,2,1069,201.52,2.34
2017-04-01,71,588.0,11,Saare maakond,2017,2,884,201.52,2.34
2017-04-01,606,1144.0,12,Tartu maakond,2017,2,1227,201.52,2.34
2017-04-01,100,196.0,13,Valga maakond,2017,2,954,201.52,2.34
2017-04-01,124,406.0,14,Viljandi maakond,2017,2,1091,201.52,2.34
2017-04-01,95,311.0,15,Võru maakond,2017,2,1057,201.52,2.34
2017-07-01,3082,1614.0,1,Harju maakond,2017,3,1337,203.4,2.43
2017-07-01,23,365.0,2,Hiiu maakond,2017,3,879,203.4,2.43
2017-07-01,507,239.0,3,Ida-Viru maakond,2017,3,956,203.4,2.43
2017-07-01,120,205.0,5,Järva maakond,2017,3,1007,203.4,2.43
2017-07-01,88,165.0,4,Jõgeva maakond,2017,3,899,203.4,2.43
2017-07-01,75,492.0,7,Lääne maakond,2017,3,987,203.4,2.43
2017-07-01,228,313.0,6,Lääne-Viru maakond,2017,3,962,203.4,2.43
2017-07-01,339,846.0,9,Pärnu maakond,2017,3,963,203.4,2.43
2017-07-01,56,227.0,8,Põlva maakond,2017,3,897,203.4,2.43
2017-07-01,102,367.0,10,Rapla maakond,2017,3,1032,203.4,2.43
2017-07-01,75,666.0,11,Saare maakond,2017,3,862,203.4,2.43
2017-07-01,719,1222.0,12,Tartu maakond,2017,3,1199,203.4,2.43
2017-07-01,111,188.0,13,Valga maakond,2017,3,892,203.4,2.43
2017-07-01,140,468.0,14,Viljandi maakond,2017,3,1024,203.4,2.43
2017-07-01,86,356.0,15,Võru maakond,2017,3,943,203.4,2.43
2017-10-01,3366,1711.0,1,Harju maakond,2017,4,1403,203.62,2.34
2017-10-01,7,348.0,2,Hiiu maakond,2017,4,887,203.62,2.34
2017-10-01,531,245.0,3,Ida-Viru maakond,2017,4,1043,203.62,2.34
2017-10-01,104,186.0,5,Järva maakond,2017,4,1038,203.62,2.34
2017-10-01,94,196.0,4,Jõgeva maakond,2017,4,966,203.62,2.34
2017-10-01,74,565.0,7,Lääne maakond,2017,4,1084,203.62,2.34
2017-10-01,244,278.0,6,Lääne-Viru maakond,2017,4,1007,203.62,2.34
2017-10-01,350,969.0,9,Pärnu maakond,2017,4,1056,203.62,2.34
2017-10-01,44,227.0,8,Põlva maakond,2017,4,947,203.62,2.34
2017-10-01,87,319.0,10,Rapla maakond,2017,4,1085,203.62,2.34
2017-10-01,56,671.0,11,Saare maakond,2017,4,916,203.62,2.34
2017-10-01,580,1216.0,12,Tartu maakond,2017,4,1276,203.62,2.34
2017-10-01,87,145.0,13,Valga maakond,2017,4,1013,203.62,2.34
2017-10-01,135,448.0,14,Viljandi maakond,2017,4,1103,203.62,2.34
2017-10-01,81,337.0,15,Võru maakond,2017,4,1078,203.62,2.34
2018-01-01,2977,1708.0,1,Harju maakond,2018,1,1386,205.7,2.36
2018-01-01,11,275.0,2,Hiiu maakond,2018,1,896,205.7,2.36
2018-01-01,510,266.0,3,Ida-Viru maakond,2018,1,1009,205.7,2.36
2018-01-01,96,245.0,5,Järva maakond,2018,1,1005,205.7,2.36
2018-01-01,67,213.0,4,Jõgeva maakond,2018,1,957,205.7,2.36
2018-01-01,57,403.0,7,Lääne maakond,2018,1,1062,205.7,2.36
2018-01-01,222,308.0,6,Lääne-Viru maakond,2018,1,948,205.7,2.36
2018-01-01,285,907.0,9,Pärnu maakond,2018,1,1004,205.7,2.36
2018-01-01,43,226.0,8,Põlva maakond,2018,1,947,205.7,2.36
2018-01-01,69,370.0,10,Rapla maakond,2018,1,1079,205.7,2.36
2018-01-01,42,634.0,11,Saare maakond,2018,1,930,205.7,2.36
2018-01-01,597,1304.0,12,Tartu maakond,2018,1,1209,205.7,2.36
2018-01-01,74,125.0,13,Valga maakond,2018,1,945,205.7,2.36
2018-01-01,105,414.0,14,Viljandi maakond,2018,1,1011,205.7,2.36
2018-01-01,81,314.0,15,Võru maakond,2018,1,978,205.7,2.36
2018-04-01,3309,1724.0,1,Harju maakond,2018,2,1469,208.21,2.46
2018-04-01,13,347.0,2,Hiiu maakond,2018,2,967,208.21,2.46
2018-04-01,525,250.0,3,Ida-Viru maakond,2018,2,1075,208.21,2.46
2018-04-01,113,232.0,5,Järva maakond,2018,2,1091,208.21,2.46
2018-04-01,64,193.0,4,Jõgeva maakond,2018,2,1008,208.21,2.46
2018-04-01,75,570.0,7,Lääne maakond,2018,2,1132,208.21,2.46
2018-04-01,238,313.0,6,Lääne-Viru maakond,2018,2,1044,208.21,2.46
2018-04-01,332,970.0,9,Pärnu maakond,2018,2,1054,208.21,2.46
2018-04-01,65,222.0,8,Põlva maakond,2018,2,1012,208.21,2.46
2018-04-01,77,396.0,10,Rapla maakond,2018,2,1165,208.21,2.46
2018-04-01,71,652.0,11,Saare maakond,2018,2,977,208.21,2.46
2018-04-01,673,1251.0,12,Tartu maakond,2018,2,1302,208.21,2.46
2018-04-01,88,176.0,13,Valga maakond,2018,2,1003,208.21,2.46
2018-04-01,136,411.0,14,Viljandi maakond,2018,2,1081,208.21,2.46
2018-04-01,85,370.0,15,Võru maakond,2018,2,1058,208.21,2.46
2018-07-01,2851,1690.0,1,Harju maakond,2018,3,1435,210.66,2.55
2018-07-01,6,361.0,2,Hiiu maakond,2018,3,927,210.66,2.55
2018-07-01,615,234.0,3,Ida-Viru maakond,2018,3,1028,210.66,2.55
2018-07-01,106,227.0,5,Järva maakond,2018,3,1107,210.66,2.55
2018-07-01,87,219.0,4,Jõgeva maakond,2018,3,1049,210.66,2.55
2018-07-01,86,500.0,7,Lääne maakond,2018,3,1096,210.66,2.55
2018-07-01,223,324.0,6,Lääne-Viru maakond,2018,3,1009,210.66,2.55
2018-07-01,302,1000.0,9,Pärnu maakond,2018,3,1033,210.66,2.55
2018-07-01,65,248.0,8,Põlva maakond,2018,3,1043,210.66,2.55
2018-07-01,64,445.0,10,Rapla maakond,2018,3,1147,210.66,2.55
2018-07-01,59,725.0,11,Saare maakond,2018,3,992,210.66,2.55
2018-07-01,701,1285.0,12,Tartu maakond,2018,3,1272,210.66,2.55
2018-07-01,110,158.0,13,Valga maakond,2018,3,968,210.66,2.55
2018-07-01,127,404.0,14,Viljandi maakond,2018,3,1093,210.66,2.55
2018-07-01,88,405.0,15,Võru maakond,2018,3,990,210.66,2.55
2018-10-01,3250,1754.0,1,Harju maakond,2018,4,1531,211.21,2.44
2018-10-01,13,227.0,2,Hiiu maakond,2018,4,989,211.21,2.44
2018-10-01,580,242.0,3,Ida-Viru maakond,2018,4,1102,211.21,2.44
2018-10-01,85,277.0,5,Järva maakond,2018,4,1147,211.21,2.44
2018-10-01,80,249.0,4,Jõgeva maakond,2018,4,1096,211.21,2.44
2018-10-01,68,583.0,7,Lääne maakond,2018,4,1250,211.21,2.44
2018-10-01,199,375.0,6,Lääne-Viru maakond,2018,4,1086,211.21,2.44
2018-10-01,272,817.0,9,Pärnu maakond,2018,4,1129,211.21,2.44
2018-10-01,53,262.0,8,Põlva maakond,2018,4,1011,211.21,2.44
2018-10-01,77,454.0,10,Rapla maakond,2018,4,1214,211.21,2.44
2018-10-01,50,729.0,11,Saare maakond,2018,4,1051,211.21,2.44
2018-10-01,744,1286.0,12,Tartu maakond,2018,4,1375,211.21,2.44
2018-10-01,102,164.0,13,Valga maakond,2018,4,1071,211.21,2.44
2018-10-01,115,477.0,14,Viljandi maakond,2018,4,1217,211.21,2.44
2018-10-01,105,340.0,15,Võru maakond,2018,4,1079,211.21,2.44
2019-01-01,3005,1769.0,1,Harju maakond,2019,1,1469,210.45,2.48
2019-01-01,15,336.0,2,Hiiu maakond,2019,1,950,210.45,2.48
2019-01-01,529,248.0,3,Ida-Viru maakond,2019,1,1122,210.45,2.48
2019-01-01,86,247.0,5,Järva maakond,2019,1,1101,210.45,2.48
2019-01-01,51,226.0,4,Jõgeva maakond,2019,1,978,210.45,2.48
2019-01-01,57,646.0,7,Lääne maakond,2019,1,1199,210.45,2.48
2019-01-01,206,347.0,6,Lääne-Viru maakond,2019,1,1057,210.45,2.48
2019-01-01,273,888.0,9,Pärnu maakond,2019,1,1111,210.45,2.48
2019-01-01,40,269.0,8,Põlva maakond,2019,1,1000,210.45,2.48
2019-01-01,72,406.0,10,Rapla maakond,2019,1,1131,210.45,2.48
2019-01-01,56,709.0,11,Saare maakond,2019,1,1006,210.45,2.48
2019-01-01,586,1270.0,12,Tartu maakond,2019,1,1325,210.45,2.48
2019-01-01,87,181.0,13,Valga maakond,2019,1,996,210.45,2.48
2019-01-01,106,443.0,14,Viljandi maakond,2019,1,1105,210.45,2.48
2019-01-01,82,331.0,15,Võru maakond,2019,1,1055,210.45,2.48
2019-04-01,3148,1797.0,1,Harju maakond,2019,2,1545,214.27,2.56
2019-04-01,21,429.0,2,Hiiu maakond,2019,2,971,214.27,2.56
2019-04-01,633,249.0,3,Ida-Viru maakond,2019,2,1175,214.27,2.56
2019-04-01,111,316.0,5,Järva maakond,2019,2,1203,214.27,2.56
2019-04-01,95,200.0,4,Jõgeva maakond,2019,2,1091,214.27,2.56
2019-04-01,69,592.0,7,Lääne maakond,2019,2,1264,214.27,2.56
2019-04-01,238,322.0,6,Lääne-Viru maakond,2019,2,1112,214.27,2.56
2019-04-01,385,1099.0,9,Pärnu maakond,2019,2,1171,214.27,2.56
2019-04-01,63,324.0,8,Põlva maakond,2019,2,1138,214.27,2.56
2019-04-01,89,420.0,10,Rapla maakond,2019,2,1200,214.27,2.56
2019-04-01,56,743.0,11,Saare maakond,2019,2,1084,214.27,2.56
2019-04-01,683,1337.0,12,Tartu maakond,2019,2,1440,214.27,2.56
2019-04-01,95,175.0,13,Valga maakond,2019,2,1060,214.27,2.56
2019-04-01,126,463.0,14,Viljandi maakond,2019,2,1201,214.27,2.56
2019-04-01,83,379.0,15,Võru maakond,2019,2,1096,214.27,2.56
2019-07-01,3172,1810.0,1,Harju maakond,2019,3,1519,215.32,2.61
2019-07-01,15,432.0,2,Hiiu maakond,2019,3,1008,215.32,2.61
2019-07-01,638,242.0,3,Ida-Viru maakond,2019,3,1111,215.32,2.61
2019-07-01,99,254.0,5,Järva maakond,2019,3,1212,215.32,2.61
2019-07-01,88,246.0,4,Jõgeva maakond,2019,3,1089,215.32,2.61
2019-07-01,74,658.0,7,Lääne maakond,2019,3,1273,215.32,2.61
2019-07-01,253,308.0,6,Lääne-Viru maakond,2019,3,1087,215.32,2.61
2019-07-01,350,1032.0,9,Pärnu maakond,2019,3,1172,215.32,2.61
2019-07-01,60,286.0,8,Põlva maakond,2019,3,1224,215.32,2.61
2019-07-01,100,470.0,10,Rapla maakond,2019,3,1197,215.32,2.61
2019-07-01,62,799.0,11,Saare maakond,2019,3,1081,215.32,2.61
2019-07-01,873,1410.0,12,Tartu maakond,2019,3,1408,215.32,2.61
2019-07-01,95,174.0,13,Valga maakond,2019,3,1067,215.32,2.61
2019-07-01,127,417.0,14,Viljandi maakond,2019,3,1209,215.32,2.61
2019-07-01,106,428.0,15,Võru maakond,2019,3,1101,215.32,2.61
2019-10-01,3339,1946.0,1,Harju maakond,2019,4,1591,214.85,2.5
2019-10-01,13,400.0,2,Hiiu maakond,2019,4,1042,214.85,2.5
2019-10-01,608,258.0,3,Ida-Viru maakond,2019,4,1182,214.85,2.5
2019-10-01,105,290.0,5,Järva maakond,2019,4,1248,214.85,2.5
2019-10-01,88,225.0,4,Jõgeva maakond,2019,4,1111,214.85,2.5
2019-10-01,72,365.0,7,Lääne maakond,2019,4,1353,214.85,2.5
2019-10-01,212,376.0,6,Lääne-Viru maakond,2019,4,1123,214.85,2.5
2019-10-01,272,974.0,9,Pärnu maakond,2019,4,1232,214.85,2.5
2019-10-01,45,311.0,8,Põlva maakond,2019,4,1191,214.85,2.5
2019-10-01,94,500.0,10,Rapla maakond,2019,4,1274,214.85,2.5
2019-10-01,63,783.0,11,Saare maakond,2019,4,1157,214.85,2.5
2019-10-01,655,1354.0,12,Tartu maakond,2019,4,1533,214.85,2.5
2019-10-01,89,209.0,13,Valga maakond,2019,4,1112,214.85,2.5
2019-10-01,144,480.0,14,Viljandi maakond,2019,4,1292,214.85,2.5
2019-10-01,116,487.0,15,Võru maakond,2019,4,1209,214.85,2.5
2020-01-01,3140,1914.0,1,Harju maakond,2020,1,1546,213.6,2.52
2020-01-01,10,435.0,2,Hiiu maakond,2020,1,996,213.6,2.52
2020-01-01,576,256.0,3,Ida-Viru maakond,2020,1,1138,213.6,2.52
2020-01-01,94,336.0,5,Järva maakond,2020,1,1223,213.6,2.52
2020-01-01,59,277.0,4,Jõgeva maakond,2020,1,1078,213.6,2.52
2020-01-01,81,524.0,7,Lääne maakond,2020,1,1103,213.6,2.52
2020-01-01,201,370.0,6,Lääne-Viru maakond,2020,1,1172,213.6,2.52
2020-01-01,338,1035.0,9,Pärnu maakond,2020,1,1113,213.6,2.52
2020-01-01,49,234.0,8,Põlva maakond,2020,1,1131,213.6,2.52
2020-01-01,64,543.0,10,Rapla maakond,2020,1,1153,213.6,2.52
2020-01-01,54,823.0,11,Saare maakond,2020,1,1108,213.6,2.52
2020-01-01,633,1407.0,12,Tartu maakond,2020,1,1380,213.6,2.52
2020-01-01,90,223.0,13,Valga maakond,2020,1,1079,213.6,2.52
2020-01-01,122,563.0,14,Viljandi maakond,2020,1,1124,213.6,2.52
2020-01-01,89,464.0,15,Võru maakond,2020,1,1115,213.6,2.52
2020-04-01,2060,1966.0,1,Harju maakond,2020,2,1574,211.78,2.54
2020-04-01,10,370.0,2,Hiiu maakond,2020,2,1025,211.78,2.54
2020-04-01,391,268.0,3,Ida-Viru maakond,2020,2,1158,211.78,2.54
2020-04-01,79,286.0,5,Järva maakond,2020,2,1202,211.78,2.54
2020-04-01,84,197.0,4,Jõgeva maakond,2020,2,1116,211.78,2.54
2020-04-01,52,503.0,7,Lääne maakond,2020,2,1143,211.78,2.54
2020-04-01,168,329.0,6,Lääne-Viru maakond,2020,2,1144,211.78,2.54
2020-04-01,249,1047.0,9,Pärnu maakond,2020,2,1127,211.78,2.54
2020-04-01,45,303.0,8,Põlva maakond,2020,2,1193,211.78,2.54
2020-04-01,55,546.0,10,Rapla maakond,2020,2,1164,211.78,2.54
2020-04-01,34,848.0,11,Saare maakond,2020,2,1138,211.78,2.54
2020-04-01,548,1479.0,12,Tartu maakond,2020,2,1451,211.78,2.54
2020-04-01,62,234.0,13,Valga maakond,2020,2,1103,211.78,2.54
2020-04-01,92,432.0,14,Viljandi maakond,2020,2,1168,211.78,2.54
2020-04-01,90,389.0,15,Võru maakond,2020,2,1157,211.78,2.54
2020-07-01,2871,1924.0,1,Harju maakond,2020,3,1583,213.28,2.53
2020-07-01,25,382.0,2,Hiiu maakond,2020,3,1071,213.28,2.53
2020-07-01,618,270.0,3,Ida-Viru maakond,2020,3,1148,213.28,2.53
2020-07-01,115,285.0,5,Järva maakond,2020,3,1283,213.28,2.53
2020-07-01,76,227.0,4,Jõgeva maakond,2020,3,1170,213.28,2.53
2020-07-01,77,669.0,7,Lääne maakond,2020,3,1144,213.28,2.53
2020-07-01,230,356.0,6,Lääne-Viru maakond,2020,3,1178,213.28,2.53
2020-07-01,307,993.0,9,Pärnu maakond,2020,3,1162,213.28,2.53
2020-07-01,67,361.0,8,Põlva maakond,2020,3,1268,213.28,2.53
2020-07-01,80,370.0,10,Rapla maakond,2020,3,1220,213.28,2.53
2020-07-01,58,766.0,11,Saare maakond,2020,3,1139,213.28,2.53
2020-07-01,870,1534.0,12,Tartu maakond,2020,3,1419,213.28,2.53
2020-07-01,87,212.0,13,Valga maakond,2020,3,1082,213.28,2.53
2020-07-01,145,527.0,14,Viljandi maakond,2020,3,1195,213.28,2.53
2020-07-01,158,421.0,15,Võru maakond,2020,3,1154,213.28,2.53
2020-10-01,3760,2033.0,1,Harju maakond,2020,4,1653,212.41,2.34
2020-10-01,7,388.0,2,Hiiu maakond,2020,4,1163,212.41,2.34
2020-10-01,570,264.0,3,Ida-Viru maakond,2020,4,1202,212.41,2.34
2020-10-01,74,342.0,5,Järva maakond,2020,4,1418,212.41,2.34
2020-10-01,85,206.0,4,Jõgeva maakond,2020,4,1222,212.41,2.34
2020-10-01,64,669.0,7,Lääne maakond,2020,4,1237,212.41,2.34
2020-10-01,205,403.0,6,Lääne-Viru maakond,2020,4,1233,212.41,2.34
2020-10-01,372,1092.0,9,Pärnu maakond,2020,4,1185,212.41,2.34
2020-10-01,61,345.0,8,Põlva maakond,2020,4,1324,212.41,2.34
2020-10-01,100,474.0,10,Rapla maakond,2020,4,1263,212.41,2.34
2020-10-01,70,714.0,11,Saare maakond,2020,4,1209,212.41,2.34
2020-10-01,802,1547.0,12,Tartu maakond,2020,4,1542,212.41,2.34
2020-10-01,99,248.0,13,Valga maakond,2020,4,1164,212.41,2.34
2020-10-01,126,560.0,14,Viljandi maakond,2020,4,1266,212.41,2.34
2020-10-01,97,352.0,15,Võru maakond,2020,4,1248,212.41,2.34
2021-01-01,3278,2072.0,1,Harju maakond,2021,1,1593,214.95,2.22
2021-01-01,14,402.0,2,Hiiu maakond,2021,1,1104,214.95,2.22
2021-01-01,628,297.0,3,Ida-Viru maakond,2021,1,1102,214.95,2.22
2021-01-01,99,361.0,5,Järva maakond,2021,1,1168,214.95,2.22
2021-01-01,61,278.0,4,Jõgeva maakond,2021,1,1081,214.95,2.22
2021-01-01,67,737.0,7,Lääne maakond,2021,1,1124,214.95,2.22
2021-01-01,216,477.0,6,Lääne-Viru maakond,2021,1,1127,214.95,2.22
2021-01-01,349,1118.0,9,Pärnu maakond,2021,1,1133,214.95,2.22
2021-01-01,52,323.0,8,Põlva maakond,2021,1,1101,214.95,2.22
2021-01-01,76,507.0,10,Rapla maakond,2021,1,1150,214.95,2.22
2021-01-01,53,943.0,11,Saare maakond,2021,1,1079,214.95,2.22
2021-01-01,883,1716.0,12,Tartu maakond,2021,1,1394,214.95,2.22
2021-01-01,84,237.0,13,Valga maakond,2021,1,1039,214.95,2.22
2021-01-01,154,532.0,14,Viljandi maakond,2021,1,1154,214.95,2.22
2021-01-01,93,513.0,15,Võru maakond,2021,1,1079,214.95,2.22
2021-04-01,3643,2082.0,1,Harju maakond,2021,2,1650,218.33,2.2
2021-04-01,23,467.0,2,Hiiu maakond,2021,2,1157,218.33,2.2
2021-04-01,636,286.0,3,Ida-Viru maakond,2021,2,1163,218.33,2.2
2021-04-01,105,371.0,5,Järva maakond,2021,2,1273,218.33,2.2
2021-04-01,87,293.0,4,Jõgeva maakond,2021,2,1177,218.33,2.2
2021-04-01,68,676.0,7,Lääne maakond,2021,2,1169,218.33,2.2
2021-04-01,286,415.0,6,Lääne-Viru maakond,2021,2,1208,218.33,2.2
2021-04-01,456,1228.0,9,Pärnu maakond,2021,2,1191,218.33,2.2
2021-04-01,58,415.0,8,Põlva maakond,2021,2,1184,218.33,2.2
2021-04-01,94,581.0,10,Rapla maakond,2021,2,1248,218.33,2.2
2021-04-01,61,927.0,11,Saare maakond,2021,2,1144,218.33,2.2
2021-04-01,919,1638.0,12,Tartu maakond,2021,2,1498,218.33,2.2
2021-04-01,100,270.0,13,Valga maakond,2021,2,1124,218.33,2.2
2021-04-01,142,632.0,14,Viljandi maakond,2021,2,1252,218.33,2.2
2021-04-01,123,442.0,15,Võru maakond,2021,2,1175,218.33,2.2
2021-07-01,3210,2187.0,1,Harju maakond,2021,3,1654,225.11,2.17
2021-07-01,13,479.0,2,Hiiu maakond,2021,3,1137,225.11,2.17
2021-07-01,744,298.0,3,Ida-Viru maakond,2021,3,1131,225.11,2.17
2021-07-01,92,377.0,5,Järva maakond,2021,3,1271,225.11,2.17
2021-07-01,105,339.0,4,Jõgeva maakond,2021,3,1159,225.11,2.17
2021-07-01,97,821.0,7,Lääne maakond,2021,3,1170,225.11,2.17
2021-07-01,276,469.0,6,Lääne-Viru maakond,2021,3,1180,225.11,2.17
2021-07-01,430,1226.0,9,Pärnu maakond,2021,3,1193,225.11,2.17
2021-07-01,72,360.0,8,Põlva maakond,2021,3,1149,225.11,2.17
2021-07-01,105,557.0,10,Rapla maakond,2021,3,1199,225.11,2.17
2021-07-01,64,978.0,11,Saare maakond,2021,3,1142,225.11,2.17
2021-07-01,939,1677.0,12,Tartu maakond,2021,3,1441,225.11,2.17
2021-07-01,124,417.0,13,Valga maakond,2021,3,1087,225.11,2.17
2021-07-01,175,606.0,14,Viljandi maakond,2021,3,1231,225.11,2.17
2021-07-01,138,517.0,15,Võru maakond,2021,3,1133,225.11,2.17
2021-10-01,4219,2336.0,1,Harju maakond,2021,4,1730,232.25,2.06
2021-10-01,14,514.0,2,Hiiu maakond,2021,4,1216,232.25,2.06
2021-10-01,908,325.0,3,Ida-Viru maakond,2021,4,1184,232.25,2.06
2021-10-01,132,393.0,5,Järva maakond,2021,4,1357,232.25,2.06
2021-10-01,121,317.0,4,Jõgeva maakond,2021,4,1237,232.25,2.06
2021-10-01,89,969.0,7,Lääne maakond,2021,4,1265,232.25,2.06
2021-10-01,295,472.0,6,Lääne-Viru maakond,2021,4,1261,232.25,2.06
2021-10-01,433,1314.0,9,Pärnu maakond,2021,4,1261,232.25,2.06
2021-10-01,67,451.0,8,Põlva maakond,2021,4,1232,232.25,2.06
2021-10-01,104,599.0,10,Rapla maakond,2021,4,1284,232.25,2.06
2021-10-01,79,1005.0,11,Saare maakond,2021,4,1204,232.25,2.06
2021-10-01,986,1734.0,12,Tartu maakond,2021,4,1561,232.25,2.06
2021-10-01,131,310.0,13,Valga maakond,2021,4,1207,232.25,2.06
2021-10-01,174,840.0,14,Viljandi maakond,2021,4,1336,232.25,2.06
2021-10-01,125,686.0,15,Võru maakond,2021,4,1249,232.25,2.06
2022-01-01,3079,2458.0,1,Harju maakond,2022,1,1751,242.58,2.03
2022-01-01,13,547.0,2,Hiiu maakond,2022,1,1186,242.58,2.03
2022-01-01,694,334.0,3,Ida-Viru maakond,2022,1,1176,242.58,2.03
2022-01-01,100,397.0,5,Järva maakond,2022,1,1249,242.58,2.03
2022-01-01,73,356.0,4,Jõgeva maakond,2022,1,1172,242.58,2.03
2022-01-01,76,882.0,7,Lääne maakond,2022,1,1207,242.58,2.03
2022-01-01,218,520.0,6,Lääne-Viru maakond,2022,1,1201,242.58,2.03
2022-01-01,346,1477.0,9,Pärnu maakond,2022,1,1222,242.58,2.03
2022-01-01,61,630.0,8,Põlva maakond,2022,1,1189,242.58,2.03
2022-01-01,81,640.0,10,Rapla maakond,2022,1,1217,242.58,2.03
2022-01-01,82,1033.0,11,Saare maakond,2022,1,1167,242.58,2.03
2022-01-01,863,1837.0,12,Tartu maakond,2022,1,1516,242.58,2.03
2022-01-01,103,286.0,13,Valga maakond,2022,1,1084,242.58,2.03
2022-01-01,119,853.0,14,Viljandi maakond,2022,1,1244,242.58,2.03
2022-01-01,90,610.0,15,Võru maakond,2022,1,1171,242.58,2.03
2022-04-01,3648,2728.0,1,Harju maakond,2022,2,1868,262.53,2.08
2022-04-01,14,706.0,2,Hiiu maakond,2022,2,1250,262.53,2.08
2022-04-01,821,356.0,3,Ida-Viru maakond,2022,2,1312,262.53,2.08
2022-04-01,122,480.0,5,Järva maakond,2022,2,1402,262.53,2.08
2022-04-01,97,393.0,4,Jõgeva maakond,2022,2,1310,262.53,2.08
2022-04-01,99,1004.0,7,Lääne maakond,2022,2,1312,262.53,2.08
2022-04-01,275,541.0,6,Lääne-Viru maakond,2022,2,1344,262.53,2.08
2022-04-01,431,1665.0,9,Pärnu maakond,2022,2,1342,262.53,2.08
2022-04-01,75,444.0,8,Põlva maakond,2022,2,1314,262.53,2.08
2022-04-01,104,910.0,10,Rapla maakond,2022,2,1367,262.53,2.08
2022-04-01,84,1025.0,11,Saare maakond,2022,2,1276,262.53,2.08
2022-04-01,1085,2101.0,12,Tartu maakond,2022,2,1680,262.53,2.08
2022-04-01,108,406.0,13,Valga maakond,2022,2,1248,262.53,2.08
2022-04-01,128,840.0,14,Viljandi maakond,2022,2,1398,262.53,2.08
2022-04-01,136,651.0,15,Võru maakond,2022,2,1322,262.53,2.08
2022-07-01,3245,2740.0,1,Harju maakond,2022,3,1854,278.62,2.75
2022-07-01,10,874.0,2,Hiiu maakond,2022,3,1266,278.62,2.75
2022-07-01,776,366.0,3,Ida-Viru maakond,2022,3,1259,278.62,2.75
2022-07-01,118,577.0,5,Järva maakond,2022,3,1404,278.62,2.75
2022-07-01,106,376.0,4,Jõgeva maakond,2022,3,1293,278.62,2.75
2022-07-01,86,955.0,7,Lääne maakond,2022,3,1300,278.62,2.75
2022-07-01,291,590.0,6,Lääne-Viru maakond,2022,3,1312,278.62,2.75
2022-07-01,305,1531.0,9,Pärnu maakond,2022,3,1342,278.62,2.75
2022-07-01,63,525.0,8,Põlva maakond,2022,3,1286,278.62,2.75
2022-07-01,112,942.0,10,Rapla maakond,2022,3,1339,278.62,2.75
2022-07-01,62,1139.0,11,Saare maakond,2022,3,1262,278.62,2.75
2022-07-01,986,2090.0,12,Tartu maakond,2022,3,1614,278.62,2.75
2022-07-01,84,335.0,13,Valga maakond,2022,3,1198,278.62,2.75
2022-07-01,170,1021.0,14,Viljandi maakond,2022,3,1382,278.62,2.75
2022-07-01,127,625.0,15,Võru maakond,2022,3,1267,278.62,2.75
2022-10-01,2860,2825.0,1,Harju maakond,2022,4,1946,279.7,3.88
2022-10-01,6,681.0,2,Hiiu maakond,2022,4,1334,279.7,3.88
2022-10-01,645,348.0,3,Ida-Viru maakond,2022,4,1334,279.7,3.88
2022-10-01,90,549.0,5,Järva maakond,2022,4,1471,279.7,3.88
2022-10-01,72,396.0,4,Jõgeva maakond,2022,4,1359,279.7,3.88
2022-10-01,62,1117.0,7,Lääne maakond,2022,4,1374,279.7,3.88
2022-10-01,194,530.0,6,Lääne-Viru maakond,2022,4,1382,279.7,3.88
2022-10-01,280,1612.0,9,Pärnu maakond,2022,4,1408,279.7,3.88
2022-10-01,58,479.0,8,Põlva maakond,2022,4,1354,279.7,3.88
2022-10-01,94,753.0,10,Rapla maakond,2022,4,1436,279.7,3.88
2022-10-01,64,1034.0,11,Saare maakond,2022,4,1322,279.7,3.88
2022-10-01,618,2111.0,12,Tartu maakond,2022,4,1750,279.7,3.88
2022-10-01,80,325.0,13,Valga maakond,2022,4,1263,279.7,3.88
2022-10-01,136,1017.0,14,Viljandi maakond,2022,4,1470,279.7,3.88
2022-10-01,75,636.0,15,Võru maakond,2022,4,1348,279.7,3.88
2023-01-01,2375,2764.0,1,Harju maakond,2023,1,1975,284.09,4.67
2023-01-01,10,630.0,2,Hiiu maakond,2023,1,1318,284.09,4.67
2023-01-01,600,387.0,3,Ida-Viru maakond,2023,1,1328,284.09,4.67
2023-01-01,91,430.0,5,Järva maakond,2023,1,1423,284.09,4.67
2023-01-01,50,411.0,4,Jõgeva maakond,2023,1,1334,284.09,4.67
2023-01-01,67,966.0,7,Lääne maakond,2023,1,1354,284.09,4.67
2023-01-01,199,523.0,6,Lääne-Viru maakond,2023,1,1354,284.09,4.67
2023-01-01,314,1796.0,9,Pärnu maakond,2023,1,1384,284.09,4.67
2023-01-01,36,495.0,8,Põlva maakond,2023,1,1337,284.09,4.67
2023-01-01,67,727.0,10,Rapla maakond,2023,1,1383,284.09,4.67
2023-01-01,30,1037.0,11,Saare maakond,2023,1,1316,284.09,4.67
2023-01-01,551,2293.0,12,Tartu maakond,2023,1,1730,284.09,4.67
2023-01-01,81,307.0,13,Valga maakond,2023,1,1261,284.09,4.67
2023-01-01,90,962.0,14,Viljandi maakond,2023,1,1385,284.09,4.67
2023-01-01,61,719.0,15,Võru maakond,2023,1,1322,284.09,4.67
2023-04-01,3171,2951.0,1,Harju maakond,2023,2,2093,292.17,5.2
2023-04-01,12,626.0,2,Hiiu maakond,2023,2,1404,292.17,5.2
2023-04-01,716,372.0,3,Ida-Viru maakond,2023,2,1504,292.17,5.2
2023-04-01,82,497.0,5,Järva maakond,2023,2,1564,292.17,5.2
2023-04-01,70,417.0,4,Jõgeva maakond,2023,2,1456,292.17,5.2
2023-04-01,73,1034.0,7,Lääne maakond,2023,2,1437,292.17,5.2
2023-04-01,241,461.0,6,Lääne-Viru maakond,2023,2,1501,292.17,5.2
2023-04-01,308,1917.0,9,Pärnu maakond,2023,2,1511,292.17,5.2
2023-04-01,42,562.0,8,Põlva maakond,2023,2,1473,292.17,5.2
2023-04-01,61,810.0,10,Rapla maakond,2023,2,1545,292.17,5.2
2023-04-01,54,1185.0,11,Saare maakond,2023,2,1420,292.17,5.2
2023-04-01,737,2263.0,12,Tartu maakond,2023,2,1889,292.17,5.2
2023-04-01,72,425.0,13,Valga maakond,2023,2,1390,292.17,5.2
2023-04-01,116,833.0,14,Viljandi maakond,2023,2,1556,292.17,5.2
2023-04-01,74,670.0,15,Võru maakond,2023,2,1468,292.17,5.2
2023-07-01,2710,2829.0,1,Harju maakond,2023,3,2040,292.73,5.67
2023-07-01,15,844.0,2,Hiiu maakond,2023,3,1396,292.73,5.67
2023-07-01,691,387.0,3,Ida-Viru maakond,2023,3,1408,292.73,5.67
2023-07-01,84,557.0,5,Järva maakond,2023,3,1528,292.73,5.67
2023-07-01,87,399.0,4,Jõgeva maakond,2023,3,1424,292.73,5.67
2023-07-01,72,1157.0,7,Lääne maakond,2023,3,1412,292.73,5.67
2023-07-01,202,574.0,6,Lääne-Viru maakond,2023,3,1452,292.73,5.67
2023-07-01,278,1485.0,9,Pärnu maakond,2023,3,1480,292.73,5.67
2023-07-01,64,523.0,8,Põlva maakond,2023,3,1402,292.73,5.67
2023-07-01,73,845.0,10,Rapla maakond,2023,3,1454,292.73,5.67
2023-07-01,37,1034.0,11,Saare maakond,2023,3,1393,292.73,5.67
2023-07-01,786,2264.0,12,Tartu maakond,2023,3,1790,292.73,5.67
2023-07-01,96,343.0,13,Valga maakond,2023,3,1336,292.73,5.67
2023-07-01,116,749.0,14,Viljandi maakond,2023,3,1506,292.73,5.67
2023-07-01,73,683.0,15,Võru maakond,2023,3,1410,292.73,5.67
2023-10-01,2800,3016.0,1,Harju maakond,2023,4,2121,291.77,5.79
2023-10-01,16,557.0,2,Hiiu maakond,2023,4,1476,291.77,5.79
2023-10-01,634,366.0,3,Ida-Viru maakond,2023,4,1508,291.77,5.79
2023-10-01,102,561.0,5,Järva maakond,2023,4,1594,291.77,5.79
2023-10-01,73,394.0,4,Jõgeva maakond,2023,4,1486,291.77,5.79
2023-10-01,75,2124.0,7,Lääne maakond,2023,4,1475,291.77,5.79
2023-10-01,197,549.0,6,Lääne-Viru maakond,2023,4,1525,291.77,5.79
2023-10-01,339,1723.0,9,Pärnu maakond,2023,4,1542,291.77,5.79
2023-10-01,34,523.0,8,Põlva maakond,2023,4,1475,291.77,5.79
2023-10-01,86,991.0,10,Rapla maakond,2023,4,1557,291.77,5.79
2023-10-01,49,1329.0,11,Saare maakond,2023,4,1449,291.77,5.79
2023-10-01,628,2268.0,12,Tartu maakond,2023,4,1941,291.77,5.79
2023-10-01,86,400.0,13,Valga maakond,2023,4,1408,291.77,5.79
2023-10-01,113,766.0,14,Viljandi maakond,2023,4,1615,291.77,5.79
2023-10-01,83,644.0,15,Võru maakond,2023,4,1492,291.77,5.79
2024-01-01,2356,2804.0,1,Harju maakond,2024,1,2139,296.19,5.66
2024-01-01,20,629.0,2,Hiiu maakond,2024,1,1478,296.19,5.66
2024-01-01,570,368.0,3,Ida-Viru maakond,2024,1,1487,296.19,5.66
2024-01-01,97,578.0,5,Järva maakond,2024,1,1558,296.19,5.66
2024-01-01,57,421.0,4,Jõgeva maakond,2024,1,1438,296.19,5.66
2024-01-01,65,1417.0,7,Lääne maakond,2024,1,1446,296.19,5.66
2024-01-01,170,623.0,6,Lääne-Viru maakond,2024,1,1464,296.19,5.66
2024-01-01,189,1490.0,9,Pärnu maakond,2024,1,1512,296.19,5.66
2024-01-01,44,552.0,8,Põlva maakond,2024,1,1444,296.19,5.66
2024-01-01,48,801.0,10,Rapla maakond,2024,1,1481,296.19,5.66
2024-01-01,38,1220.0,11,Saare maakond,2024,1,1430,296.19,5.66
2024-01-01,491,2191.0,12,Tartu maakond,2024,1,1888,296.19,5.66
2024-01-01,66,414.0,13,Valga maakond,2024,1,1376,296.19,5.66
2024-01-01,93,880.0,14,Viljandi maakond,2024,1,1526,296.19,5.66
2024-01-01,72,805.0,15,Võru maakond,2024,1,1446,296.19,5.66
2024-04-01,2590,2915.0,1,Harju maakond,2024,2,2233,300.16,5.5
2024-04-01,16,781.0,2,Hiiu maakond,2024,2,1525,300.16,5.5
2024-04-01,615,390.0,3,Ida-Viru maakond,2024,2,1646,300.16,5.5
2024-04-01,88,636.0,5,Järva maakond,2024,2,1661,300.16,5.5
2024-04-01,56,472.0,4,Jõgeva maakond,2024,2,1567,300.16,5.5
2024-04-01,77,1228.0,7,Lääne maakond,2024,2,1536,300.16,5.5
2024-04-01,199,636.0,6,Lääne-Viru maakond,2024,2,1600,300.16,5.5
2024-04-01,297,1653.0,9,Pärnu maakond,2024,2,1613,300.16,5.5
2024-04-01,35,530.0,8,Põlva maakond,2024,2,1563,300.16,5.5
2024-04-01,66,886.0,10,Rapla maakond,2024,2,1632,300.16,5.5
2024-04-01,34,1260.0,11,Saare maakond,2024,2,1535,300.16,5.5
2024-04-01,693,2386.0,12,Tartu maakond,2024,2,2039,300.16,5.5
2024-04-01,83,437.0,13,Valga maakond,2024,2,1509,300.16,5.5
2024-04-01,120,942.0,14,Viljandi maakond,2024,2,1666,300.16,5.5
2024-04-01,91,645.0,15,Võru maakond,2024,2,1567,300.16,5.5
2024-07-01,2933,2857.0,1,Harju maakond,2024,3,2200,302.18,5.23
2024-07-01,17,868.0,2,Hiiu maakond,2024,3,1545,302.18,5.23
2024-07-01,642,360.0,3,Ida-Viru maakond,2024,3,1537,302.18,5.23
2024-07-01,105,540.0,5,Järva maakond,2024,3,1646,302.18,5.23
2024-07-01,70,443.0,4,Jõgeva maakond,2024,3,1552,302.18,5.23
2024-07-01,75,1403.0,7,Lääne maakond,2024,3,1485,302.18,5.23
2024-07-01,211,674.0,6,Lääne-Viru maakond,2024,3,1532,302.18,5.23
2024-07-01,312,1627.0,9,Pärnu maakond,2024,3,1588,302.18,5.23
2024-07-01,48,477.0,8,Põlva maakond,2024,3,1519,302.18,5.23
2024-07-01,79,923.0,10,Rapla maakond,2024,3,1569,302.18,5.23
2024-07-01,50,1289.0,11,Saare maakond,2024,3,1516,302.18,5.23
2024-07-01,772,2383.0,12,Tartu maakond,2024,3,1962,302.18,5.23
2024-07-01,78,478.0,13,Valga maakond,2024,3,1452,302.18,5.23
2024-07-01,112,822.0,14,Viljandi maakond,2024,3,1631,302.18,5.23
2024-07-01,97,626.0,15,Võru maakond,2024,3,1477,302.18,5.23
2024-10-01,3243,2916.0,1,Harju maakond,2024,4,2299,303.13,4.61
2024-10-01,8,804.0,2,Hiiu maakond,2024,4,1600,303.13,4.61
2024-10-01,584,370.0,3,Ida-Viru maakond,2024,4,1637,303.13,4.61
2024-10-01,113,464.0,5,Järva maakond,2024,4,1729,303.13,4.61
2024-10-01,64,429.0,4,Jõgeva maakond,2024,4,1634,303.13,4.61
2024-10-01,73,1124.0,7,Lääne maakond,2024,4,1586,303.13,4.61
2024-10-01,216,749.0,6,Lääne-Viru maakond,2024,4,1643,303.13,4.61
2024-10-01,290,1700.0,9,Pärnu maakond,2024,4,1665,303.13,4.61
2024-10-01,52,567.0,8,Põlva maakond,2024,4,1606,303.13,4.61
2024-10-01,89,692.0,10,Rapla maakond,2024,4,1688,303.13,4.61
2024-10-01,55,1343.0,11,Saare maakond,2024,4,1584,303.13,4.61
2024-10-01,725,2322.0,12,Tartu maakond,2024,4,2092,303.13,4.61
2024-10-01,71,377.0,13,Valga maakond,2024,4,1507,303.13,4.61
2024-10-01,107,980.0,14,Viljandi maakond,2024,4,1725,303.13,4.61
2024-10-01,88,723.0,15,Võru maakond,2024,4,1607,303.13,4.61
2025-01-01,2855,2867.0,1,Harju maakond,2025,1,2263,309.57,4.22
2025-01-01,10,775.0,2,Hiiu maakond,2025,1,1567,309.57,4.22
2025-01-01,524,370.0,3,Ida-Viru maakond,2025,1,1590,309.57,4.22
2025-01-01,84,616.0,5,Järva maakond,2025,1,1643,309.57,4.22
2025-01-01,54,369.0,4,Jõgeva maakond,2025,1,1536,309.57,4.22
2025-01-01,44,1341.0,7,Lääne maakond,2025,1,1539,309.57,4.22
2025-01-01,159,628.0,6,Lääne-Viru maakond,2025,1,1546,309.57,4.22
2025-01-01,231,1828.0,9,Pärnu maakond,2025,1,1594,309.57,4.22
2025-01-01,50,560.0,8,Põlva maakond,2025,1,1526,309.57,4.22
2025-01-01,62,777.0,10,Rapla maakond,2025,1,1565,309.57,4.22
2025-01-01,42,1524.0,11,Saare maakond,2025,1,1522,309.57,4.22
2025-01-01,645,2373.0,12,Tartu maakond,2025,1,2023,309.57,4.22
2025-01-01,59,438.0,13,Valga maakond,2025,1,1468,309.57,4.22
2025-01-01,103,859.0,14,Viljandi maakond,2025,1,1616,309.57,4.22
2025-01-01,66,697.0,15,Võru maakond,2025,1,1537,309.57,4.22
2025-04-01,3085,2910.0,1,Harju maakond,2025,2,2365,314.21,3.84
2025-04-01,6,1030.0,2,Hiiu maakond,2025,2,1597,314.21,3.84
2025-04-01,489,375.0,3,Ida-Viru maakond,2025,2,1708,314.21,3.84
2025-04-01,104,584.0,5,Järva maakond,2025,2,1758,314.21,3.84
2025-04-01,78,441.0,4,Jõgeva maakond,2025,2,1645,314.21,3.84
2025-04-01,74,1286.0,7,Lääne maakond,2025,2,1619,314.21,3.84
2025-04-01,201,696.0,6,Lääne-Viru maakond,2025,2,1691,314.21,3.84
2025-04-01,299,1897.0,9,Pärnu maakond,2025,2,1702,314.21,3.84
2025-04-01,59,475.0,8,Põlva maakond,2025,2,1684,314.21,3.84
2025-04-01,88,1073.0,10,Rapla maakond,2025,2,1747,314.21,3.84
2025-04-01,66,1526.0,11,Saare maakond,2025,2,1624,314.21,3.84
2025-04-01,753,2345.0,12,Tartu maakond,2025,2,2175,314.21,3.84
2025-04-01,66,456.0,13,Valga maakond,2025,2,1608,314.21,3.84
2025-04-01,131,901.0,14,Viljandi maakond,2025,2,1746,314.21,3.84
2025-04-01,76,789.0,15,Võru maakond,2025,2,1666,314.21,3.84
2025-07-01,3120,2873.0,1,Harju maakond,2025,3,2324,319.11,3.7
2025-07-01,19,732.0,2,Hiiu maakond,2025,3,1601,319.11,3.7
2025-07-01,600,349.0,3,Ida-Viru maakond,2025,3,1653,319.11,3.7
2025-07-01,123,626.0,5,Järva maakond,2025,3,1761,319.11,3.7
2025-07-01,86,404.0,4,Jõgeva maakond,2025,3,1638,319.11,3.7
2025-07-01,68,1401.0,7,Lääne maakond,2025,3,1588,319.11,3.7
2025-07-01,211,668.0,6,Lääne-Viru maakond,2025,3,1639,319.11,3.7
2025-07-01,364,1701.0,9,Pärnu maakond,2025,3,1680,319.11,3.7
2025-07-01,68,565.0,8,Põlva maakond,2025,3,1638,319.11,3.7
2025-07-01,78,1027.0,10,Rapla maakond,2025,3,1681,319.11,3.7
2025-07-01,42,1481.0,11,Saare maakond,2025,3,1601,319.11,3.7
2025-07-01,834,2379.0,12,Tartu maakond,2025,3,2060,319.11,3.7
2025-07-01,102,635.0,13,Valga maakond,2025,3,1549,319.11,3.7
2025-07-01,135,964.0,14,Viljandi maakond,2025,3,1719,319.11,3.7
2025-07-01,95,765.0,15,Võru maakond,2025,3,1596,319.11,3.7
2025-10-01,2914,2942.0,1,Harju maakond,2025,4,2392,316.79,3.68
2025-10-01,14,987.0,2,Hiiu maakond,2025,4,1687,316.79,3.68
2025-10-01,548,361.0,3,Ida-Viru maakond,2025,4,1726,316.79,3.68
2025-10-01,87,546.0,5,Järva maakond,2025,4,1826,316.79,3.68
2025-10-01,87,438.0,4,Jõgeva maakond,2025,4,1721,316.79,3.68
2025-10-01,65,1584.0,7,Lääne maakond,2025,4,1670,316.79,3.68
2025-10-01,207,706.0,6,Lääne-Viru maakond,2025,4,1711,316.79,3.68
2025-10-01,271,1799.0,9,Pärnu maakond,2025,4,1742,316.79,3.68
2025-10-01,53,577.0,8,Põlva maakond,2025,4,1695,316.79,3.68
2025-10-01,73,1054.0,10,Rapla maakond,2025,4,1795,316.79,3.68
2025-10-01,51,1512.0,11,Saare maakond,2025,4,1667,316.79,3.68
2025-10-01,643,2275.0,12,Tartu maakond,2025,4,2191,316.79,3.68
2025-10-01,68,482.0,13,Valga maakond,2025,4,1615,316.79,3.68
2025-10-01,113,976.0,14,Viljandi maakond,2025,4,1812,316.79,3.68
2025-10-01,79,640.0,15,Võru maakond,2025,4,1689,316.79,3.68
2026-01-01,2701,2972.0,1,Harju maakond,2026,1,2406,320.27,3.73
2026-01-01,7,756.0,2,Hiiu maakond,2026,1,1663,320.27,3.73
2026-01-01,517,329.0,3,Ida-Viru maakond,2026,1,1677,320.27,3.73
2026-01-01,84,574.0,5,Järva maakond,2026,1,1758,320.27,3.73
2026-01-01,64,463.0,4,Jõgeva maakond,2026,1,1627,320.27,3.73
2026-01-01,70,1283.0,7,Lääne maakond,2026,1,1623,320.27,3.73
2026-01-01,189,722.0,6,Lääne-Viru maakond,2026,1,1638,320.27,3.73
2026-01-01,263,1835.0,9,Pärnu maakond,2026,1,1691,320.27,3.73
2026-01-01,31,520.0,8,Põlva maakond,2026,1,1618,320.27,3.73
2026-01-01,70,908.0,10,Rapla maakond,2026,1,1686,320.27,3.73
2026-01-01,41,1485.0,11,Saare maakond,2026,1,1620,320.27,3.73
2026-01-01,570,2442.0,12,Tartu maakond,2026,1,2130,320.27,3.73
2026-01-01,70,518.0,13,Valga maakond,2026,1,1564,320.27,3.73
2026-01-01,104,847.0,14,Viljandi maakond,2026,1,1698,320.27,3.73
2026-01-01,66,697.0,15,Võru maakond,2026,1,1624,320.27,3.73
2026-04-01,1216,2945.0,1,Harju maakond,2026,2,2488,324.07,4.01
2026-04-01,5,1218.0,2,Hiiu maakond,2026,2,1712,324.07,4.01
2026-04-01,229,351.0,3,Ida-Viru maakond,2026,2,1852,324.07,4.01
2026-04-01,42,584.0,5,Järva maakond,2026,2,1872,324.07,4.01
2026-04-01,26,444.0,4,Jõgeva maakond,2026,2,1711,324.07,4.01
2026-04-01,30,1397.0,7,Lääne maakond,2026,2,1727,324.07,4.01
2026-04-01,64,786.0,6,Lääne-Viru maakond,2026,2,1780,324.07,4.01
2026-04-01,105,1784.0,9,Pärnu maakond,2026,2,1801,324.07,4.01
2026-04-01,20,449.0,8,Põlva maakond,2026,2,1750,324.07,4.01
2026-04-01,42,951.0,10,Rapla maakond,2026,2,1834,324.07,4.01
2026-04-01,24,1452.0,11,Saare maakond,2026,2,1733,324.07,4.01
2026-04-01,265,2491.0,12,Tartu maakond,2026,2,2285,324.07,4.01
2026-04-01,38,537.0,13,Valga maakond,2026,2,1677,324.07,4.01
2026-04-01,40,973.0,14,Viljandi maakond,2026,2,1840,324.07,4.01
2026-04-01,29,776.0,15,Võru maakond,2026,2,1774,324.07,4.01
