quarter,county,transaction_count,total_area_ha,total_value_eur
1996 I,Harju maakond,1.0,,
1996 I,Tartu maakond,3.0,,
1996 II,Harju maakond,8.0,3.0,511579.0
1996 II,Lääne-Viru maakond,2.0,,
1996 II,Rapla maakond,2.0,,
1996 II,Tartu maakond,3.0,,
1996 II,Võru maakond,1.0,,
1996 III,Harju maakond,55.0,54.0,2176255.0
1996 III,Ida-Viru maakond,1.0,,
1996 III,Lääne-Viru maakond,2.0,,
1996 III,Põlva maakond,2.0,,
1996 III,Tartu maakond,3.0,,
1996 IV,Harju maakond,100.0,79.0,4074828.0
1996 IV,Jõgeva maakond,1.0,,
1996 IV,Lääne-Viru maakond,2.0,,
1996 IV,Pärnu maakond,1.0,,
1996 IV,Rapla maakond,2.0,,
1996 IV,Tartu maakond,5.0,37.0,29911.0
1996 IV,Viljandi maakond,7.0,309.0,81168.0
1996 IV,Võru maakond,1.0,,
1997 I,Harju maakond,152.0,245.0,9061829.0
1997 I,Hiiu maakond,9.0,169.0,71247.0
1997 I,Ida-Viru maakond,2.0,,
1997 I,Jõgeva maakond,15.0,289.0,134534.0
1997 I,Järva maakond,20.0,302.0,133927.0
1997 I,Lääne maakond,8.0,26.0,45281.0
1997 I,Lääne-Viru maakond,21.0,122.0,382511.0
1997 I,Põlva maakond,24.0,253.0,156424.0
1997 I,Pärnu maakond,41.0,683.0,795938.0
1997 I,Rapla maakond,6.0,,
1997 I,Saare maakond,19.0,139.0,49664.0
1997 I,Tartu maakond,61.0,391.0,588414.0
1997 I,Valga maakond,19.0,568.0,173456.0
1997 I,Viljandi maakond,32.0,1151.0,405665.0
1997 I,Võru maakond,31.0,1156.0,496521.0
1997 II,Harju maakond,270.0,439.0,19441854.0
1997 II,Hiiu maakond,10.0,,
1997 II,Ida-Viru maakond,4.0,,
1997 II,Jõgeva maakond,15.0,174.0,91074.0
1997 II,Järva maakond,36.0,450.0,590463.0
1997 II,Lääne maakond,29.0,153.0,132252.0
1997 II,Lääne-Viru maakond,27.0,189.0,258050.0
1997 II,Põlva maakond,58.0,771.0,329746.0
1997 II,Pärnu maakond,77.0,1043.0,1080471.0
1997 II,Rapla maakond,27.0,362.0,234076.0
1997 II,Saare maakond,34.0,203.0,544355.0
1997 II,Tartu maakond,110.0,700.0,1380503.0
1997 II,Valga maakond,21.0,401.0,193358.0
1997 II,Viljandi maakond,58.0,1240.0,853596.0
1997 II,Võru maakond,67.0,1327.0,564228.0
1997 III,Harju maakond,277.0,443.0,20544915.0
1997 III,Hiiu maakond,18.0,147.0,121234.0
1997 III,Ida-Viru maakond,11.0,105.0,85002.0
1997 III,Jõgeva maakond,22.0,688.0,674587.0
1997 III,Järva maakond,53.0,912.0,418205.0
1997 III,Lääne maakond,30.0,128.0,233233.0
1997 III,Lääne-Viru maakond,59.0,507.0,449261.0
1997 III,Põlva maakond,40.0,721.0,297937.0
1997 III,Pärnu maakond,106.0,1379.0,1410047.0
1997 III,Rapla maakond,32.0,655.0,317027.0
1997 III,Saare maakond,41.0,340.0,410462.0
1997 III,Tartu maakond,88.0,897.0,1379551.0
1997 III,Valga maakond,35.0,876.0,379646.0
1997 III,Viljandi maakond,85.0,2793.0,1566586.0
1997 III,Võru maakond,44.0,673.0,487738.0
1997 IV,Harju maakond,167.0,437.0,9138222.0
1997 IV,Hiiu maakond,13.0,162.0,250534.0
1997 IV,Ida-Viru maakond,23.0,550.0,449874.0
1997 IV,Jõgeva maakond,36.0,317.0,665673.0
1997 IV,Järva maakond,57.0,920.0,514089.0
1997 IV,Lääne maakond,28.0,470.0,226605.0
1997 IV,Lääne-Viru maakond,69.0,638.0,1035203.0
1997 IV,Põlva maakond,48.0,738.0,548705.0
1997 IV,Pärnu maakond,119.0,2324.0,2145124.0
1997 IV,Rapla maakond,35.0,293.0,276732.0
1997 IV,Saare maakond,28.0,218.0,822316.0
1997 IV,Tartu maakond,106.0,794.0,1579053.0
1997 IV,Valga maakond,31.0,561.0,366270.0
1997 IV,Viljandi maakond,111.0,2728.0,2174274.0
1997 IV,Võru maakond,60.0,964.0,709047.0
1998 I,Harju maakond,269.0,619.0,15310276.0
1998 I,Hiiu maakond,10.0,57.0,36364.0
1998 I,Ida-Viru maakond,18.0,361.0,244312.0
1998 I,Jõgeva maakond,22.0,309.0,159626.0
1998 I,Järva maakond,54.0,1090.0,677537.0
1998 I,Lääne maakond,19.0,153.0,78965.0
1998 I,Lääne-Viru maakond,41.0,418.0,479972.0
1998 I,Põlva maakond,47.0,600.0,302225.0
1998 I,Pärnu maakond,89.0,1849.0,1068501.0
1998 I,Rapla maakond,29.0,659.0,374652.0
1998 I,Saare maakond,28.0,487.0,321521.0
1998 I,Tartu maakond,93.0,657.0,1666153.0
1998 I,Valga maakond,51.0,1193.0,527117.0
1998 I,Viljandi maakond,88.0,2039.0,1290376.0
1998 I,Võru maakond,73.0,1285.0,713226.0
1998 II,Harju maakond,351.0,541.0,20066448.0
1998 II,Hiiu maakond,30.0,239.0,252089.0
1998 II,Ida-Viru maakond,14.0,260.0,252451.0
1998 II,Jõgeva maakond,37.0,475.0,273885.0
1998 II,Järva maakond,65.0,1077.0,496047.0
1998 II,Lääne maakond,32.0,151.0,569204.0
1998 II,Lääne-Viru maakond,107.0,1187.0,1245762.0
1998 II,Põlva maakond,56.0,1031.0,516366.0
1998 II,Pärnu maakond,133.0,1402.0,2125682.0
1998 II,Rapla maakond,73.0,966.0,750464.0
1998 II,Saare maakond,52.0,464.0,821893.0
1998 II,Tartu maakond,134.0,1608.0,1845828.0
1998 II,Valga maakond,39.0,813.0,271113.0
1998 II,Viljandi maakond,85.0,1777.0,906309.0
1998 II,Võru maakond,80.0,1332.0,1031229.0
1998 III,Harju maakond,389.0,339.0,22384055.0
1998 III,Hiiu maakond,24.0,188.0,184289.0
1998 III,Ida-Viru maakond,20.0,444.0,328666.0
1998 III,Jõgeva maakond,23.0,368.0,144728.0
1998 III,Järva maakond,59.0,888.0,561891.0
1998 III,Lääne maakond,42.0,197.0,409221.0
1998 III,Lääne-Viru maakond,100.0,1458.0,1333780.0
1998 III,Põlva maakond,62.0,812.0,489974.0
1998 III,Pärnu maakond,125.0,1528.0,2076959.0
1998 III,Rapla maakond,78.0,1250.0,692321.0
1998 III,Saare maakond,67.0,584.0,627893.0
1998 III,Tartu maakond,135.0,1050.0,3226786.0
1998 III,Valga maakond,64.0,1301.0,895306.0
1998 III,Viljandi maakond,72.0,1784.0,1134137.0
1998 III,Võru maakond,100.0,1497.0,969723.0
1998 IV,Harju maakond,341.0,784.0,22775254.0
1998 IV,Hiiu maakond,15.0,166.0,86345.0
1998 IV,Ida-Viru maakond,11.0,108.0,177535.0
1998 IV,Jõgeva maakond,56.0,1361.0,1652899.0
1998 IV,Järva maakond,85.0,1578.0,823934.0
1998 IV,Lääne maakond,35.0,100.0,435992.0
1998 IV,Lääne-Viru maakond,127.0,1795.0,1741163.0
1998 IV,Põlva maakond,65.0,930.0,446716.0
1998 IV,Pärnu maakond,121.0,1525.0,2006552.0
1998 IV,Rapla maakond,70.0,1047.0,532731.0
1998 IV,Saare maakond,41.0,191.0,570485.0
1998 IV,Tartu maakond,134.0,1669.0,3215562.0
1998 IV,Valga maakond,35.0,669.0,382363.0
1998 IV,Viljandi maakond,140.0,3814.0,2379902.0
1998 IV,Võru maakond,109.0,1684.0,1112878.0
1999 I,Harju maakond,284.0,651.0,18661702.0
1999 I,Hiiu maakond,18.0,237.0,83491.0
1999 I,Ida-Viru maakond,21.0,529.0,826628.0
1999 I,Jõgeva maakond,46.0,758.0,469894.0
1999 I,Järva maakond,50.0,919.0,667687.0
1999 I,Lääne maakond,37.0,382.0,249768.0
1999 I,Lääne-Viru maakond,93.0,1105.0,1082148.0
1999 I,Põlva maakond,49.0,913.0,582278.0
1999 I,Pärnu maakond,120.0,1311.0,6450977.0
1999 I,Rapla maakond,78.0,1279.0,599015.0
1999 I,Saare maakond,39.0,361.0,445040.0
1999 I,Tartu maakond,93.0,573.0,3577571.0
1999 I,Valga maakond,35.0,719.0,705246.0
1999 I,Viljandi maakond,81.0,1691.0,1765552.0
1999 I,Võru maakond,89.0,1269.0,1053774.0
1999 II,Harju maakond,470.0,808.0,32674322.0
1999 II,Hiiu maakond,27.0,198.0,195834.0
1999 II,Ida-Viru maakond,25.0,236.0,224498.0
1999 II,Jõgeva maakond,48.0,815.0,521353.0
1999 II,Järva maakond,47.0,662.0,345986.0
1999 II,Lääne maakond,53.0,448.0,584273.0
1999 II,Lääne-Viru maakond,84.0,855.0,634985.0
1999 II,Põlva maakond,79.0,945.0,684227.0
1999 II,Pärnu maakond,182.0,1857.0,2606520.0
1999 II,Rapla maakond,78.0,705.0,685985.0
1999 II,Saare maakond,80.0,635.0,998717.0
1999 II,Tartu maakond,141.0,901.0,2972500.0
1999 II,Valga maakond,49.0,810.0,831491.0
1999 II,Viljandi maakond,73.0,1189.0,903970.0
1999 II,Võru maakond,81.0,955.0,676891.0
1999 III,Harju maakond,522.0,480.0,36513749.0
1999 III,Hiiu maakond,24.0,202.0,155016.0
1999 III,Ida-Viru maakond,35.0,150.0,353757.0
1999 III,Jõgeva maakond,65.0,538.0,522669.0
1999 III,Järva maakond,64.0,1173.0,677750.0
1999 III,Lääne maakond,42.0,197.0,314134.0
1999 III,Lääne-Viru maakond,85.0,876.0,1005173.0
1999 III,Põlva maakond,70.0,647.0,602533.0
1999 III,Pärnu maakond,192.0,1892.0,3917163.0
1999 III,Rapla maakond,93.0,927.0,894004.0
1999 III,Saare maakond,63.0,502.0,1150968.0
1999 III,Tartu maakond,188.0,1087.0,4224007.0
1999 III,Valga maakond,67.0,877.0,600211.0
1999 III,Viljandi maakond,92.0,1460.0,1184604.0
1999 III,Võru maakond,121.0,1200.0,1022955.0
1999 IV,Harju maakond,553.0,746.0,50368951.0
1999 IV,Hiiu maakond,23.0,161.0,325731.0
1999 IV,Ida-Viru maakond,25.0,125.0,244692.0
1999 IV,Jõgeva maakond,61.0,732.0,340752.0
1999 IV,Järva maakond,91.0,1625.0,1106666.0
1999 IV,Lääne maakond,72.0,258.0,4488192.0
1999 IV,Lääne-Viru maakond,109.0,1042.0,1210874.0
1999 IV,Põlva maakond,96.0,1506.0,963011.0
1999 IV,Pärnu maakond,248.0,2083.0,5078840.0
1999 IV,Rapla maakond,92.0,1219.0,942108.0
1999 IV,Saare maakond,97.0,770.0,1395366.0
1999 IV,Tartu maakond,214.0,1244.0,8164233.0
1999 IV,Valga maakond,69.0,1238.0,665021.0
1999 IV,Viljandi maakond,136.0,2677.0,1503321.0
1999 IV,Võru maakond,144.0,2116.0,1217984.0
2000 I,Harju maakond,555.0,759.0,38261479.0
2000 I,Hiiu maakond,32.0,179.0,232502.0
2000 I,Ida-Viru maakond,35.0,154.0,415745.0
2000 I,Jõgeva maakond,52.0,649.0,374836.0
2000 I,Järva maakond,58.0,767.0,437561.0
2000 I,Lääne maakond,44.0,259.0,493185.0
2000 I,Lääne-Viru maakond,83.0,965.0,1056209.0
2000 I,Põlva maakond,68.0,856.0,542985.0
2000 I,Pärnu maakond,205.0,2260.0,3538405.0
2000 I,Rapla maakond,82.0,1235.0,860791.0
2000 I,Saare maakond,90.0,775.0,1324489.0
2000 I,Tartu maakond,152.0,921.0,2752268.0
2000 I,Valga maakond,64.0,1130.0,933680.0
2000 I,Viljandi maakond,89.0,1952.0,1296650.0
2000 I,Võru maakond,118.0,1647.0,826140.0
2000 II,Harju maakond,825.0,935.0,51119113.0
2000 II,Hiiu maakond,27.0,238.0,300539.0
2000 II,Ida-Viru maakond,39.0,278.0,303740.0
2000 II,Jõgeva maakond,66.0,778.0,503503.0
2000 II,Järva maakond,101.0,1810.0,1084636.0
2000 II,Lääne maakond,80.0,437.0,740903.0
2000 II,Lääne-Viru maakond,157.0,1160.0,2533955.0
2000 II,Põlva maakond,91.0,1258.0,684002.0
2000 II,Pärnu maakond,289.0,2718.0,6297083.0
2000 II,Rapla maakond,133.0,1463.0,993218.0
2000 II,Saare maakond,108.0,761.0,1167832.0
2000 II,Tartu maakond,274.0,1503.0,6160993.0
2000 II,Valga maakond,80.0,1186.0,1488882.0
2000 II,Viljandi maakond,140.0,2818.0,2046487.0
2000 II,Võru maakond,136.0,1306.0,995986.0
2000 III,Harju maakond,838.0,864.0,54180662.0
2000 III,Hiiu maakond,45.0,451.0,412391.0
2000 III,Ida-Viru maakond,31.0,127.0,212692.0
2000 III,Jõgeva maakond,91.0,1337.0,1035349.0
2000 III,Järva maakond,100.0,1595.0,1215823.0
2000 III,Lääne maakond,82.0,420.0,866576.0
2000 III,Lääne-Viru maakond,151.0,1303.0,1829714.0
2000 III,Põlva maakond,88.0,844.0,652596.0
2000 III,Pärnu maakond,241.0,2332.0,3777483.0
2000 III,Rapla maakond,119.0,1470.0,1056489.0
2000 III,Saare maakond,142.0,933.0,1790017.0
2000 III,Tartu maakond,227.0,1663.0,4289709.0
2000 III,Valga maakond,124.0,2418.0,1257061.0
2000 III,Viljandi maakond,126.0,1844.0,2054280.0
2000 III,Võru maakond,121.0,1354.0,888080.0
2000 IV,Harju maakond,889.0,1002.0,61568732.0
2000 IV,Hiiu maakond,77.0,805.0,536568.0
2000 IV,Ida-Viru maakond,37.0,536.0,470146.0
2000 IV,Jõgeva maakond,117.0,1722.0,1248776.0
2000 IV,Järva maakond,103.0,1566.0,939017.0
2000 IV,Lääne maakond,102.0,962.0,834913.0
2000 IV,Lääne-Viru maakond,178.0,2033.0,2162475.0
2000 IV,Põlva maakond,98.0,1148.0,1106790.0
2000 IV,Pärnu maakond,254.0,2401.0,5544008.0
2000 IV,Rapla maakond,121.0,1199.0,1076522.0
2000 IV,Saare maakond,122.0,825.0,1676517.0
2000 IV,Tartu maakond,295.0,2115.0,6522095.0
2000 IV,Valga maakond,108.0,1866.0,1718728.0
2000 IV,Viljandi maakond,160.0,2417.0,3298649.0
2000 IV,Võru maakond,180.0,2045.0,1742690.0
2001 I,Harju maakond,718.0,1256.0,44431740.0
2001 I,Hiiu maakond,29.0,194.0,253103.0
2001 I,Ida-Viru maakond,50.0,498.0,473186.0
2001 I,Jõgeva maakond,101.0,1292.0,942909.0
2001 I,Järva maakond,88.0,1112.0,723823.0
2001 I,Lääne maakond,58.0,420.0,1253914.0
2001 I,Lääne-Viru maakond,139.0,2021.0,4643838.0
2001 I,Põlva maakond,88.0,830.0,841780.0
2001 I,Pärnu maakond,278.0,3039.0,8082515.0
2001 I,Rapla maakond,95.0,1173.0,1830005.0
2001 I,Saare maakond,106.0,829.0,1810066.0
2001 I,Tartu maakond,252.0,1534.0,7891902.0
2001 I,Valga maakond,112.0,1915.0,1355429.0
2001 I,Viljandi maakond,128.0,2608.0,1930464.0
2001 I,Võru maakond,114.0,1156.0,834259.0
2001 II,Harju maakond,952.0,1562.0,59925769.0
2001 II,Hiiu maakond,47.0,334.0,441954.0
2001 II,Ida-Viru maakond,52.0,273.0,434730.0
2001 II,Jõgeva maakond,83.0,1099.0,530740.0
2001 II,Järva maakond,172.0,3283.0,2311691.0
2001 II,Lääne maakond,95.0,702.0,742064.0
2001 II,Lääne-Viru maakond,139.0,1500.0,1544284.0
2001 II,Põlva maakond,81.0,920.0,501887.0
2001 II,Pärnu maakond,335.0,2202.0,7215836.0
2001 II,Rapla maakond,123.0,1152.0,1363984.0
2001 II,Saare maakond,166.0,1867.0,2164417.0
2001 II,Tartu maakond,275.0,1505.0,7082074.0
2001 II,Valga maakond,97.0,1196.0,2327126.0
2001 II,Viljandi maakond,180.0,3267.0,3958424.0
2001 II,Võru maakond,138.0,1395.0,1133626.0
2001 III,Harju maakond,896.0,1264.0,54278118.0
2001 III,Hiiu maakond,61.0,405.0,492528.0
2001 III,Ida-Viru maakond,53.0,636.0,595332.0
2001 III,Jõgeva maakond,83.0,1013.0,788020.0
2001 III,Järva maakond,105.0,1155.0,1396509.0
2001 III,Lääne maakond,80.0,676.0,759136.0
2001 III,Lääne-Viru maakond,106.0,1065.0,1108128.0
2001 III,Põlva maakond,105.0,1194.0,964091.0
2001 III,Pärnu maakond,316.0,2503.0,4679467.0
2001 III,Rapla maakond,118.0,1361.0,1183316.0
2001 III,Saare maakond,113.0,980.0,1471889.0
2001 III,Tartu maakond,352.0,1387.0,7549128.0
2001 III,Valga maakond,75.0,643.0,1170919.0
2001 III,Viljandi maakond,117.0,1907.0,2496064.0
2001 III,Võru maakond,141.0,1368.0,1405131.0
2001 IV,Harju maakond,1129.0,1332.0,83718108.0
2001 IV,Hiiu maakond,58.0,638.0,659977.0
2001 IV,Ida-Viru maakond,49.0,604.0,1584958.0
2001 IV,Jõgeva maakond,107.0,1487.0,1008447.0
2001 IV,Järva maakond,113.0,1693.0,1160323.0
2001 IV,Lääne maakond,84.0,890.0,2694807.0
2001 IV,Lääne-Viru maakond,118.0,1254.0,1771948.0
2001 IV,Põlva maakond,83.0,1026.0,821107.0
2001 IV,Pärnu maakond,286.0,2511.0,5817956.0
2001 IV,Rapla maakond,103.0,1285.0,1734336.0
2001 IV,Saare maakond,119.0,1383.0,1882044.0
2001 IV,Tartu maakond,300.0,1236.0,6853191.0
2001 IV,Valga maakond,139.0,2375.0,1537554.0
2001 IV,Viljandi maakond,169.0,2724.0,3884901.0
2001 IV,Võru maakond,193.0,1847.0,2105964.0
2002 I,Harju maakond,77.0,382.0,4551487.0
2002 I,Hiiu maakond,15.0,91.0,110951.0
2002 I,Ida-Viru maakond,3.0,,
2002 I,Jõgeva maakond,17.0,188.0,151818.0
2002 I,Järva maakond,18.0,396.0,135645.0
2002 I,Lääne maakond,14.0,72.0,134221.0
2002 I,Lääne-Viru maakond,52.0,600.0,714307.0
2002 I,Põlva maakond,14.0,263.0,117661.0
2002 I,Pärnu maakond,37.0,290.0,1346736.0
2002 I,Rapla maakond,12.0,152.0,195685.0
2002 I,Saare maakond,44.0,651.0,845490.0
2002 I,Tartu maakond,42.0,400.0,654117.0
2002 I,Valga maakond,14.0,240.0,287724.0
2002 I,Viljandi maakond,11.0,,
2002 I,Võru maakond,65.0,875.0,521755.0
2002 II,Harju maakond,53.0,228.0,3163219.0
2002 II,Hiiu maakond,31.0,98.0,553187.0
2002 II,Ida-Viru maakond,9.0,149.0,312528.0
2002 II,Jõgeva maakond,17.0,245.0,146198.0
2002 II,Järva maakond,65.0,1399.0,687090.0
2002 II,Lääne maakond,15.0,192.0,166786.0
2002 II,Lääne-Viru maakond,68.0,747.0,664811.0
2002 II,Põlva maakond,17.0,209.0,79973.0
2002 II,Pärnu maakond,64.0,722.0,715346.0
2002 II,Rapla maakond,13.0,196.0,146485.0
2002 II,Saare maakond,47.0,441.0,1034114.0
2002 II,Tartu maakond,36.0,299.0,840595.0
2002 II,Valga maakond,17.0,228.0,684181.0
2002 II,Viljandi maakond,8.0,228.0,136734.0
2002 II,Võru maakond,49.0,693.0,590920.0
2002 III,Harju maakond,80.0,749.0,7005462.0
2002 III,Hiiu maakond,24.0,200.0,350185.0
2002 III,Ida-Viru maakond,10.0,253.0,153947.0
2002 III,Jõgeva maakond,31.0,721.0,455753.0
2002 III,Järva maakond,46.0,762.0,328790.0
2002 III,Lääne maakond,30.0,517.0,192246.0
2002 III,Lääne-Viru maakond,88.0,1110.0,800696.0
2002 III,Põlva maakond,25.0,635.0,310254.0
2002 III,Pärnu maakond,75.0,946.0,595081.0
2002 III,Rapla maakond,16.0,475.0,271422.0
2002 III,Saare maakond,78.0,757.0,981700.0
2002 III,Tartu maakond,46.0,551.0,477179.0
2002 III,Valga maakond,76.0,2041.0,693101.0
2002 III,Viljandi maakond,28.0,883.0,292023.0
2002 III,Võru maakond,52.0,872.0,499022.0
2002 IV,Harju maakond,68.0,182.0,4678428.0
2002 IV,Hiiu maakond,30.0,217.0,255070.0
2002 IV,Ida-Viru maakond,8.0,152.0,124854.0
2002 IV,Jõgeva maakond,34.0,780.0,401472.0
2002 IV,Järva maakond,63.0,727.0,519428.0
2002 IV,Lääne maakond,19.0,225.0,253538.0
2002 IV,Lääne-Viru maakond,150.0,2244.0,1740715.0
2002 IV,Põlva maakond,30.0,413.0,321665.0
2002 IV,Pärnu maakond,143.0,3111.0,2178189.0
2002 IV,Rapla maakond,19.0,441.0,103227.0
2002 IV,Saare maakond,73.0,574.0,859687.0
2002 IV,Tartu maakond,40.0,514.0,520343.0
2002 IV,Valga maakond,24.0,304.0,238119.0
2002 IV,Viljandi maakond,52.0,1795.0,1399598.0
2002 IV,Võru maakond,50.0,773.0,642696.0
2003 I,Harju maakond,95.0,589.0,7164121.0
2003 I,Hiiu maakond,24.0,212.0,212591.0
2003 I,Ida-Viru maakond,11.0,254.0,252579.0
2003 I,Jõgeva maakond,39.0,640.0,402310.0
2003 I,Järva maakond,66.0,1108.0,744228.0
2003 I,Lääne maakond,31.0,589.0,467471.0
2003 I,Lääne-Viru maakond,130.0,1681.0,1406885.0
2003 I,Põlva maakond,23.0,155.0,146789.0
2003 I,Pärnu maakond,53.0,296.0,1845129.0
2003 I,Rapla maakond,9.0,135.0,111238.0
2003 I,Saare maakond,34.0,288.0,334143.0
2003 I,Tartu maakond,46.0,476.0,1947937.0
2003 I,Valga maakond,23.0,467.0,889544.0
2003 I,Viljandi maakond,17.0,383.0,505146.0
2003 I,Võru maakond,30.0,352.0,237200.0
2003 II,Harju maakond,154.0,380.0,6506621.0
2003 II,Hiiu maakond,28.0,155.0,466034.0
2003 II,Ida-Viru maakond,11.0,128.0,106820.0
2003 II,Jõgeva maakond,26.0,335.0,302747.0
2003 II,Järva maakond,51.0,446.0,466390.0
2003 II,Lääne maakond,15.0,172.0,439054.0
2003 II,Lääne-Viru maakond,104.0,1029.0,1656282.0
2003 II,Põlva maakond,30.0,336.0,272310.0
2003 II,Pärnu maakond,101.0,1242.0,1980932.0
2003 II,Rapla maakond,57.0,1730.0,1039645.0
2003 II,Saare maakond,47.0,421.0,525862.0
2003 II,Tartu maakond,61.0,452.0,797699.0
2003 II,Valga maakond,33.0,731.0,739394.0
2003 II,Viljandi maakond,29.0,695.0,622726.0
2003 II,Võru maakond,36.0,488.0,525945.0
2003 III,Harju maakond,3205.0,1961.0,146982551.0
2003 III,Hiiu maakond,77.0,317.0,665430.0
2003 III,Ida-Viru maakond,492.0,956.0,4454063.0
2003 III,Jõgeva maakond,212.0,1466.0,1322639.0
2003 III,Järva maakond,188.0,1382.0,1775358.0
2003 III,Lääne maakond,158.0,488.0,2437624.0
2003 III,Lääne-Viru maakond,381.0,1780.0,3960979.0
2003 III,Põlva maakond,142.0,1025.0,997025.0
2003 III,Pärnu maakond,575.0,1340.0,12298053.0
2003 III,Rapla maakond,173.0,635.0,1943028.0
2003 III,Saare maakond,249.0,1227.0,3311814.0
2003 III,Tartu maakond,990.0,1482.0,20470368.0
2003 III,Valga maakond,179.0,953.0,1968824.0
2003 III,Viljandi maakond,171.0,1610.0,2310481.0
2003 III,Võru maakond,217.0,1161.0,1786524.0
2003 IV,Harju maakond,5252.0,2696.0,244543023.0
2003 IV,Hiiu maakond,104.0,604.0,958788.0
2003 IV,Ida-Viru maakond,738.0,2005.0,4095969.0
2003 IV,Jõgeva maakond,224.0,1531.0,1707450.0
2003 IV,Järva maakond,248.0,1513.0,2564015.0
2003 IV,Lääne maakond,223.0,1035.0,3075573.0
2003 IV,Lääne-Viru maakond,434.0,2311.0,6478384.0
2003 IV,Põlva maakond,217.0,1253.0,1433012.0
2003 IV,Pärnu maakond,706.0,3102.0,20653441.0
2003 IV,Rapla maakond,293.0,1615.0,3853064.0
2003 IV,Saare maakond,371.0,1527.0,7090088.0
2003 IV,Tartu maakond,1215.0,2050.0,28174207.0
2003 IV,Valga maakond,223.0,1454.0,3392843.0
2003 IV,Viljandi maakond,275.0,2931.0,3667938.0
2003 IV,Võru maakond,362.0,2884.0,4849148.0
2004 I,Harju maakond,4029.0,2190.0,248092401.0
2004 I,Hiiu maakond,95.0,500.0,1394014.0
2004 I,Ida-Viru maakond,633.0,1201.0,6641823.0
2004 I,Jõgeva maakond,216.0,2026.0,1976897.0
2004 I,Järva maakond,205.0,1791.0,3076164.0
2004 I,Lääne maakond,175.0,892.0,1945621.0
2004 I,Lääne-Viru maakond,376.0,1898.0,4741727.0
2004 I,Põlva maakond,169.0,1541.0,1560915.0
2004 I,Pärnu maakond,617.0,2505.0,13111861.0
2004 I,Rapla maakond,231.0,1448.0,3318612.0
2004 I,Saare maakond,327.0,2021.0,5556276.0
2004 I,Tartu maakond,1076.0,2138.0,29214364.0
2004 I,Valga maakond,190.0,1688.0,2496899.0
2004 I,Viljandi maakond,264.0,2185.0,3926675.0
2004 I,Võru maakond,258.0,1959.0,2535549.0
2004 II,Harju maakond,4928.0,2262.0,277354912.0
2004 II,Hiiu maakond,134.0,653.0,1455711.0
2004 II,Ida-Viru maakond,636.0,1068.0,3719242.0
2004 II,Jõgeva maakond,288.0,2000.0,2054613.0
2004 II,Järva maakond,251.0,1544.0,3481829.0
2004 II,Lääne maakond,212.0,1040.0,4046588.0
2004 II,Lääne-Viru maakond,512.0,1719.0,6127513.0
2004 II,Põlva maakond,146.0,1008.0,1544068.0
2004 II,Pärnu maakond,789.0,2557.0,19330478.0
2004 II,Rapla maakond,309.0,1525.0,5764478.0
2004 II,Saare maakond,399.0,2569.0,6693128.0
2004 II,Tartu maakond,1256.0,1474.0,33595016.0
2004 II,Valga maakond,249.0,1334.0,3416844.0
2004 II,Viljandi maakond,353.0,2286.0,4658231.0
2004 II,Võru maakond,306.0,1914.0,3133368.0
2004 III,Harju maakond,4544.0,2563.0,260513383.0
2004 III,Hiiu maakond,100.0,557.0,1099881.0
2004 III,Ida-Viru maakond,656.0,915.0,6438427.0
2004 III,Jõgeva maakond,251.0,1293.0,2472149.0
2004 III,Järva maakond,236.0,1760.0,2730491.0
2004 III,Lääne maakond,202.0,647.0,3372314.0
2004 III,Lääne-Viru maakond,456.0,1713.0,6763669.0
2004 III,Põlva maakond,155.0,903.0,1992942.0
2004 III,Pärnu maakond,742.0,2253.0,23579037.0
2004 III,Rapla maakond,272.0,830.0,4039908.0
2004 III,Saare maakond,391.0,1768.0,8381494.0
2004 III,Tartu maakond,1137.0,1558.0,34383405.0
2004 III,Valga maakond,237.0,1201.0,2955237.0
2004 III,Viljandi maakond,309.0,2147.0,4923676.0
2004 III,Võru maakond,257.0,1353.0,3133542.0
2004 IV,Harju maakond,5314.0,2144.0,322192279.0
2004 IV,Hiiu maakond,109.0,593.0,1620282.0
2004 IV,Ida-Viru maakond,733.0,1388.0,5968686.0
2004 IV,Jõgeva maakond,263.0,1609.0,2225425.0
2004 IV,Järva maakond,244.0,1774.0,3834597.0
2004 IV,Lääne maakond,203.0,848.0,5071374.0
2004 IV,Lääne-Viru maakond,484.0,2788.0,9825445.0
2004 IV,Põlva maakond,199.0,1173.0,2042413.0
2004 IV,Pärnu maakond,868.0,2517.0,27205799.0
2004 IV,Rapla maakond,241.0,1388.0,5138051.0
2004 IV,Saare maakond,366.0,2267.0,7229726.0
2004 IV,Tartu maakond,1217.0,1990.0,50068492.0
2004 IV,Valga maakond,271.0,1451.0,5376163.0
2004 IV,Viljandi maakond,362.0,2370.0,6529124.0
2004 IV,Võru maakond,301.0,2062.0,5486091.0
2005 I,Harju maakond,4993.0,2269.0,293998589.0
2005 I,Hiiu maakond,59.0,181.0,662818.0
2005 I,Ida-Viru maakond,650.0,1427.0,5996423.0
2005 I,Jõgeva maakond,256.0,1496.0,1908083.0
2005 I,Järva maakond,195.0,1773.0,2472667.0
2005 I,Lääne maakond,218.0,721.0,4846684.0
2005 I,Lääne-Viru maakond,495.0,2065.0,6310822.0
2005 I,Põlva maakond,141.0,925.0,1435774.0
2005 I,Pärnu maakond,763.0,2263.0,24550152.0
2005 I,Rapla maakond,253.0,1623.0,4022592.0
2005 I,Saare maakond,293.0,1401.0,5520989.0
2005 I,Tartu maakond,1090.0,1931.0,34336859.0
2005 I,Valga maakond,185.0,1325.0,4172839.0
2005 I,Viljandi maakond,318.0,3090.0,5656603.0
2005 I,Võru maakond,211.0,1218.0,3020467.0
2005 II,Harju maakond,7084.0,2255.0,460685090.0
2005 II,Hiiu maakond,124.0,462.0,3418728.0
2005 II,Ida-Viru maakond,756.0,1016.0,12155907.0
2005 II,Jõgeva maakond,322.0,1643.0,2212342.0
2005 II,Järva maakond,287.0,2427.0,4303733.0
2005 II,Lääne maakond,294.0,1134.0,6635077.0
2005 II,Lääne-Viru maakond,502.0,2068.0,8967616.0
2005 II,Põlva maakond,170.0,1081.0,2579571.0
2005 II,Pärnu maakond,1067.0,2959.0,35310926.0
2005 II,Rapla maakond,314.0,1217.0,5855049.0
2005 II,Saare maakond,459.0,2614.0,8417935.0
2005 II,Tartu maakond,1624.0,2034.0,66695309.0
2005 II,Valga maakond,218.0,1067.0,4569308.0
2005 II,Viljandi maakond,401.0,2283.0,6421130.0
2005 II,Võru maakond,265.0,1439.0,3478795.0
2005 III,Harju maakond,8015.0,2297.0,553359544.0
2005 III,Hiiu maakond,111.0,507.0,1766783.0
2005 III,Ida-Viru maakond,896.0,1487.0,12219951.0
2005 III,Jõgeva maakond,253.0,1120.0,2344366.0
2005 III,Järva maakond,243.0,1108.0,3672105.0
2005 III,Lääne maakond,263.0,768.0,5181934.0
2005 III,Lääne-Viru maakond,574.0,2084.0,9943558.0
2005 III,Põlva maakond,197.0,654.0,2814942.0
2005 III,Pärnu maakond,1134.0,2618.0,38728918.0
2005 III,Rapla maakond,347.0,1330.0,7633887.0
2005 III,Saare maakond,475.0,1582.0,11545975.0
2005 III,Tartu maakond,1840.0,1344.0,70953619.0
2005 III,Valga maakond,310.0,1525.0,3791561.0
2005 III,Viljandi maakond,359.0,1844.0,6469718.0
2005 III,Võru maakond,258.0,1213.0,4087584.0
2005 IV,Harju maakond,9025.0,3150.0,727678723.0
2005 IV,Hiiu maakond,108.0,384.0,1900924.0
2005 IV,Ida-Viru maakond,940.0,1703.0,16065289.0
2005 IV,Jõgeva maakond,285.0,1289.0,3724684.0
2005 IV,Järva maakond,292.0,1856.0,5870054.0
2005 IV,Lääne maakond,316.0,683.0,8002959.0
2005 IV,Lääne-Viru maakond,540.0,2516.0,13194781.0
2005 IV,Põlva maakond,192.0,950.0,1861416.0
2005 IV,Pärnu maakond,1255.0,3252.0,53891600.0
2005 IV,Rapla maakond,371.0,1518.0,9228059.0
2005 IV,Saare maakond,468.0,1879.0,14115016.0
2005 IV,Tartu maakond,1880.0,1694.0,85388817.0
2005 IV,Valga maakond,315.0,2157.0,11350041.0
2005 IV,Viljandi maakond,418.0,2612.0,11447639.0
2005 IV,Võru maakond,292.0,1807.0,4648921.0
2006 I,Harju maakond,7601.0,3152.0,636473850.0
2006 I,Hiiu maakond,110.0,449.0,2125962.0
2006 I,Ida-Viru maakond,773.0,1010.0,14470654.0
2006 I,Jõgeva maakond,279.0,1760.0,2900682.0
2006 I,Järva maakond,217.0,806.0,3836233.0
2006 I,Lääne maakond,250.0,677.0,5951570.0
2006 I,Lääne-Viru maakond,531.0,2244.0,12899402.0
2006 I,Põlva maakond,167.0,862.0,2156923.0
2006 I,Pärnu maakond,1288.0,2491.0,55669247.0
2006 I,Rapla maakond,364.0,1413.0,7955828.0
2006 I,Saare maakond,533.0,2293.0,10967287.0
2006 I,Tartu maakond,1747.0,1773.0,91596786.0
2006 I,Valga maakond,245.0,1419.0,9966222.0
2006 I,Viljandi maakond,317.0,1609.0,7764878.0
2006 I,Võru maakond,265.0,1480.0,4512322.0
2006 II,Harju maakond,7156.0,3597.0,828506562.0
2006 II,Hiiu maakond,116.0,348.0,3064837.0
2006 II,Ida-Viru maakond,1099.0,1607.0,24650409.0
2006 II,Jõgeva maakond,307.0,1936.0,6722188.0
2006 II,Järva maakond,295.0,1584.0,5970359.0
2006 II,Lääne maakond,337.0,762.0,16476555.0
2006 II,Lääne-Viru maakond,645.0,2764.0,21634095.0
2006 II,Põlva maakond,226.0,1629.0,5464878.0
2006 II,Pärnu maakond,1263.0,2426.0,71823282.0
2006 II,Rapla maakond,486.0,2268.0,16111453.0
2006 II,Saare maakond,635.0,2732.0,17129544.0
2006 II,Tartu maakond,1881.0,2700.0,126643533.0
2006 II,Valga maakond,333.0,2144.0,8865154.0
2006 II,Viljandi maakond,460.0,3596.0,15013731.0
2006 II,Võru maakond,356.0,1992.0,10749725.0
2006 III,Harju maakond,7041.0,3317.0,719318228.0
2006 III,Hiiu maakond,104.0,292.0,2949694.0
2006 III,Ida-Viru maakond,980.0,1070.0,36478369.0
2006 III,Jõgeva maakond,312.0,1163.0,4057178.0
2006 III,Järva maakond,323.0,1115.0,6995527.0
2006 III,Lääne maakond,356.0,689.0,10320157.0
2006 III,Lääne-Viru maakond,565.0,2156.0,21176172.0
2006 III,Põlva maakond,196.0,768.0,4813225.0
2006 III,Pärnu maakond,1255.0,2198.0,71046778.0
2006 III,Rapla maakond,420.0,2027.0,11976897.0
2006 III,Saare maakond,541.0,2179.0,16102909.0
2006 III,Tartu maakond,1819.0,1794.0,132774660.0
2006 III,Valga maakond,284.0,1048.0,7205186.0
2006 III,Viljandi maakond,372.0,1284.0,10585636.0
2006 III,Võru maakond,340.0,1330.0,7373474.0
2006 IV,Harju maakond,8030.0,3211.0,975942080.0
2006 IV,Hiiu maakond,141.0,563.0,3477796.0
2006 IV,Ida-Viru maakond,1008.0,1301.0,31496944.0
2006 IV,Jõgeva maakond,350.0,1913.0,5962812.0
2006 IV,Järva maakond,369.0,1400.0,8448990.0
2006 IV,Lääne maakond,337.0,985.0,11657220.0
2006 IV,Lääne-Viru maakond,636.0,2118.0,20204062.0
2006 IV,Põlva maakond,262.0,853.0,5712893.0
2006 IV,Pärnu maakond,1340.0,2778.0,85989054.0
2006 IV,Rapla maakond,432.0,1617.0,18208150.0
2006 IV,Saare maakond,584.0,2201.0,23237999.0
2006 IV,Tartu maakond,1981.0,2208.0,140606312.0
2006 IV,Valga maakond,331.0,1457.0,11176750.0
2006 IV,Viljandi maakond,440.0,2450.0,17365523.0
2006 IV,Võru maakond,352.0,1634.0,11018087.0
2007 I,Harju maakond,6438.0,2511.0,739447508.0
2007 I,Hiiu maakond,213.0,1300.0,4308665.0
2007 I,Ida-Viru maakond,1185.0,1459.0,39898645.0
2007 I,Jõgeva maakond,313.0,1863.0,4898639.0
2007 I,Järva maakond,326.0,1526.0,8348837.0
2007 I,Lääne maakond,256.0,884.0,11395064.0
2007 I,Lääne-Viru maakond,637.0,3687.0,22874763.0
2007 I,Põlva maakond,207.0,1021.0,5238919.0
2007 I,Pärnu maakond,985.0,1783.0,56699211.0
2007 I,Rapla maakond,352.0,1649.0,14960837.0
2007 I,Saare maakond,424.0,1586.0,16655491.0
2007 I,Tartu maakond,1507.0,1507.0,122950284.0
2007 I,Valga maakond,249.0,1957.0,9209275.0
2007 I,Viljandi maakond,341.0,1367.0,11254880.0
2007 I,Võru maakond,339.0,1641.0,9912073.0
2007 II,Harju maakond,6539.0,1757.0,754564503.0
2007 II,Hiiu maakond,117.0,422.0,4093080.0
2007 II,Ida-Viru maakond,905.0,861.0,55012645.0
2007 II,Jõgeva maakond,361.0,1726.0,8185729.0
2007 II,Järva maakond,312.0,1423.0,13600830.0
2007 II,Lääne maakond,378.0,1548.0,19132017.0
2007 II,Lääne-Viru maakond,574.0,2147.0,20980841.0
2007 II,Põlva maakond,209.0,794.0,6193693.0
2007 II,Pärnu maakond,1140.0,2380.0,74324595.0
2007 II,Rapla maakond,375.0,1924.0,14143615.0
2007 II,Saare maakond,527.0,2074.0,19657238.0
2007 II,Tartu maakond,1367.0,1382.0,108429522.0
2007 II,Valga maakond,270.0,1148.0,8431780.0
2007 II,Viljandi maakond,379.0,1706.0,12204977.0
2007 II,Võru maakond,360.0,1651.0,9580260.0
2007 III,Harju maakond,4602.0,1584.0,495308671.0
2007 III,Hiiu maakond,118.0,379.0,2719781.0
2007 III,Ida-Viru maakond,854.0,1285.0,39900744.0
2007 III,Jõgeva maakond,230.0,1286.0,5662305.0
2007 III,Järva maakond,343.0,2225.0,10266866.0
2007 III,Lääne maakond,340.0,995.0,11684815.0
2007 III,Lääne-Viru maakond,524.0,1665.0,18213946.0
2007 III,Põlva maakond,188.0,897.0,4778882.0
2007 III,Pärnu maakond,927.0,3629.0,71968572.0
2007 III,Rapla maakond,329.0,1462.0,12146685.0
2007 III,Saare maakond,389.0,1396.0,12674969.0
2007 III,Tartu maakond,1326.0,1596.0,81893141.0
2007 III,Valga maakond,346.0,2603.0,12073944.0
2007 III,Viljandi maakond,401.0,2957.0,17486128.0
2007 III,Võru maakond,364.0,2060.0,9741363.0
2007 IV,Harju maakond,4443.0,1668.0,498559315.0
2007 IV,Hiiu maakond,90.0,309.0,2924342.0
2007 IV,Ida-Viru maakond,902.0,1549.0,58542938.0
2007 IV,Jõgeva maakond,319.0,2190.0,6312551.0
2007 IV,Järva maakond,343.0,1751.0,8999460.0
2007 IV,Lääne maakond,273.0,808.0,11413846.0
2007 IV,Lääne-Viru maakond,613.0,2598.0,24809726.0
2007 IV,Põlva maakond,264.0,1720.0,6145941.0
2007 IV,Pärnu maakond,724.0,2571.0,44024724.0
2007 IV,Rapla maakond,327.0,1748.0,12355065.0
2007 IV,Saare maakond,348.0,1347.0,12536557.0
2007 IV,Tartu maakond,1097.0,1241.0,74950473.0
2007 IV,Valga maakond,252.0,1239.0,9265428.0
2007 IV,Viljandi maakond,418.0,3380.0,15750769.0
2007 IV,Võru maakond,363.0,2453.0,9580116.0
2008 I,Harju maakond,3846.0,1486.0,387922734.0
2008 I,Hiiu maakond,72.0,264.0,2010098.0
2008 I,Ida-Viru maakond,811.0,1746.0,26427503.0
2008 I,Jõgeva maakond,180.0,570.0,3270518.0
2008 I,Järva maakond,205.0,708.0,7582121.0
2008 I,Lääne maakond,195.0,577.0,7166125.0
2008 I,Lääne-Viru maakond,448.0,1303.0,14409802.0
2008 I,Põlva maakond,192.0,677.0,3330885.0
2008 I,Pärnu maakond,623.0,1696.0,49574714.0
2008 I,Rapla maakond,232.0,1184.0,7973420.0
2008 I,Saare maakond,338.0,1039.0,12496905.0
2008 I,Tartu maakond,955.0,1375.0,52928517.0
2008 I,Valga maakond,189.0,723.0,8190913.0
2008 I,Viljandi maakond,348.0,1988.0,13963555.0
2008 I,Võru maakond,294.0,1049.0,7373094.0
2008 II,Harju maakond,4295.0,1368.0,417471144.0
2008 II,Hiiu maakond,91.0,1074.0,2712312.0
2008 II,Ida-Viru maakond,677.0,764.0,22728397.0
2008 II,Jõgeva maakond,269.0,1436.0,5727341.0
2008 II,Järva maakond,249.0,1417.0,6372854.0
2008 II,Lääne maakond,192.0,656.0,7724751.0
2008 II,Lääne-Viru maakond,458.0,1750.0,14337321.0
2008 II,Põlva maakond,148.0,832.0,5167063.0
2008 II,Pärnu maakond,617.0,2305.0,34884759.0
2008 II,Rapla maakond,260.0,1638.0,9193069.0
2008 II,Saare maakond,416.0,2197.0,16896652.0
2008 II,Tartu maakond,1043.0,1279.0,68735886.0
2008 II,Valga maakond,218.0,1491.0,8352014.0
2008 II,Viljandi maakond,568.0,5842.0,16288115.0
2008 II,Võru maakond,290.0,1045.0,7081433.0
2008 III,Harju maakond,3506.0,1144.0,313874805.0
2008 III,Hiiu maakond,81.0,263.0,2650953.0
2008 III,Ida-Viru maakond,869.0,1514.0,28022903.0
2008 III,Jõgeva maakond,238.0,1456.0,7275680.0
2008 III,Järva maakond,238.0,998.0,7669445.0
2008 III,Lääne maakond,181.0,792.0,5392644.0
2008 III,Lääne-Viru maakond,391.0,1532.0,12380133.0
2008 III,Põlva maakond,127.0,568.0,3155279.0
2008 III,Pärnu maakond,554.0,1875.0,45451853.0
2008 III,Rapla maakond,232.0,763.0,6511403.0
2008 III,Saare maakond,298.0,1238.0,10982720.0
2008 III,Tartu maakond,940.0,1149.0,53657374.0
2008 III,Valga maakond,190.0,939.0,4801385.0
2008 III,Viljandi maakond,337.0,1404.0,8424579.0
2008 III,Võru maakond,266.0,1479.0,11481540.0
2008 IV,Harju maakond,2888.0,1689.0,254426030.0
2008 IV,Hiiu maakond,65.0,490.0,1677479.0
2008 IV,Ida-Viru maakond,668.0,1173.0,20743026.0
2008 IV,Jõgeva maakond,226.0,1810.0,5025166.0
2008 IV,Järva maakond,195.0,1106.0,3830856.0
2008 IV,Lääne maakond,147.0,960.0,3995123.0
2008 IV,Lääne-Viru maakond,316.0,1508.0,9840380.0
2008 IV,Põlva maakond,172.0,1299.0,3036951.0
2008 IV,Pärnu maakond,508.0,2593.0,25775216.0
2008 IV,Rapla maakond,226.0,1543.0,6482759.0
2008 IV,Saare maakond,314.0,1733.0,6824719.0
2008 IV,Tartu maakond,746.0,1250.0,43897076.0
2008 IV,Valga maakond,183.0,1125.0,7609913.0
2008 IV,Viljandi maakond,375.0,2140.0,9291381.0
2008 IV,Võru maakond,293.0,2177.0,4334208.0
2009 I,Harju maakond,2123.0,1432.0,163251265.0
2009 I,Hiiu maakond,57.0,132.0,1427899.0
2009 I,Ida-Viru maakond,517.0,596.0,10367796.0
2009 I,Jõgeva maakond,132.0,887.0,2238694.0
2009 I,Järva maakond,169.0,644.0,1953935.0
2009 I,Lääne maakond,107.0,509.0,6946037.0
2009 I,Lääne-Viru maakond,251.0,1076.0,41328295.0
2009 I,Põlva maakond,96.0,397.0,5145098.0
2009 I,Pärnu maakond,405.0,1103.0,25294904.0
2009 I,Rapla maakond,161.0,673.0,2365905.0
2009 I,Saare maakond,366.0,2210.0,5233264.0
2009 I,Tartu maakond,521.0,1291.0,24119073.0
2009 I,Valga maakond,131.0,752.0,1864424.0
2009 I,Viljandi maakond,256.0,1671.0,5165348.0
2009 I,Võru maakond,151.0,864.0,3677982.0
2009 II,Harju maakond,2479.0,1536.0,178760706.0
2009 II,Hiiu maakond,277.0,2477.0,2420978.0
2009 II,Ida-Viru maakond,605.0,876.0,9212887.0
2009 II,Jõgeva maakond,214.0,1290.0,2950530.0
2009 II,Järva maakond,161.0,1185.0,3623967.0
2009 II,Lääne maakond,134.0,846.0,3198020.0
2009 II,Lääne-Viru maakond,296.0,1464.0,5329203.0
2009 II,Põlva maakond,143.0,659.0,1896507.0
2009 II,Pärnu maakond,424.0,1420.0,14898866.0
2009 II,Rapla maakond,207.0,971.0,3032133.0
2009 II,Saare maakond,407.0,1787.0,8164905.0
2009 II,Tartu maakond,550.0,1267.0,25408250.0
2009 II,Valga maakond,168.0,635.0,3855954.0
2009 II,Viljandi maakond,221.0,1277.0,5046806.0
2009 II,Võru maakond,197.0,924.0,4192347.0
2009 III,Harju maakond,2769.0,770.0,158092855.0
2009 III,Hiiu maakond,49.0,117.0,503227.0
2009 III,Ida-Viru maakond,569.0,653.0,9159065.0
2009 III,Jõgeva maakond,165.0,795.0,2668381.0
2009 III,Järva maakond,121.0,958.0,3776677.0
2009 III,Lääne maakond,141.0,614.0,4488926.0
2009 III,Lääne-Viru maakond,282.0,1264.0,6592464.0
2009 III,Põlva maakond,120.0,423.0,1950903.0
2009 III,Pärnu maakond,389.0,1013.0,15420612.0
2009 III,Rapla maakond,199.0,878.0,2946762.0
2009 III,Saare maakond,314.0,1547.0,9625822.0
2009 III,Tartu maakond,681.0,767.0,27876508.0
2009 III,Valga maakond,157.0,529.0,2355730.0
2009 III,Viljandi maakond,189.0,1246.0,3378214.0
2009 III,Võru maakond,207.0,1181.0,3010799.0
2009 IV,Harju maakond,3589.0,1778.0,221718616.0
2009 IV,Hiiu maakond,62.0,418.0,2134582.0
2009 IV,Ida-Viru maakond,638.0,1295.0,10316413.0
2009 IV,Jõgeva maakond,214.0,1301.0,3168419.0
2009 IV,Järva maakond,254.0,2203.0,5977685.0
2009 IV,Lääne maakond,170.0,640.0,3861116.0
2009 IV,Lääne-Viru maakond,439.0,4022.0,8323840.0
2009 IV,Põlva maakond,139.0,696.0,2272703.0
2009 IV,Pärnu maakond,552.0,2879.0,21962136.0
2009 IV,Rapla maakond,256.0,2475.0,4480757.0
2009 IV,Saare maakond,561.0,4326.0,9907650.0
2009 IV,Tartu maakond,757.0,1285.0,29247663.0
2009 IV,Valga maakond,132.0,585.0,2595767.0
2009 IV,Viljandi maakond,266.0,2108.0,4928252.0
2009 IV,Võru maakond,261.0,1503.0,4223150.0
2010 I,Harju maakond,2683.0,1994.0,165317860.0
2010 I,Hiiu maakond,39.0,167.0,444654.0
2010 I,Ida-Viru maakond,516.0,622.0,8773267.0
2010 I,Jõgeva maakond,159.0,1426.0,2527257.0
2010 I,Järva maakond,166.0,768.0,3744242.0
2010 I,Lääne maakond,116.0,552.0,2155511.0
2010 I,Lääne-Viru maakond,254.0,1281.0,4123370.0
2010 I,Põlva maakond,87.0,564.0,1026947.0
2010 I,Pärnu maakond,353.0,1757.0,8965104.0
2010 I,Rapla maakond,173.0,1293.0,3319026.0
2010 I,Saare maakond,550.0,3977.0,6331641.0
2010 I,Tartu maakond,583.0,748.0,25872375.0
2010 I,Valga maakond,122.0,812.0,3073323.0
2010 I,Viljandi maakond,192.0,1611.0,4237095.0
2010 I,Võru maakond,177.0,1042.0,3415011.0
2010 II,Harju maakond,3629.0,1854.0,198293380.0
2010 II,Hiiu maakond,55.0,192.0,1435228.0
2010 II,Ida-Viru maakond,684.0,833.0,8876002.0
2010 II,Jõgeva maakond,180.0,1127.0,2425473.0
2010 II,Järva maakond,204.0,1225.0,2729780.0
2010 II,Lääne maakond,157.0,539.0,3091807.0
2010 II,Lääne-Viru maakond,357.0,2370.0,6871524.0
2010 II,Põlva maakond,133.0,1014.0,2097133.0
2010 II,Pärnu maakond,708.0,5173.0,23602176.0
2010 II,Rapla maakond,189.0,1540.0,3204175.0
2010 II,Saare maakond,543.0,3390.0,8551150.0
2010 II,Tartu maakond,761.0,1053.0,34914306.0
2010 II,Valga maakond,146.0,1280.0,2318527.0
2010 II,Viljandi maakond,274.0,2192.0,5228138.0
2010 II,Võru maakond,220.0,869.0,2756905.0
2010 III,Harju maakond,3177.0,2240.0,197919308.0
2010 III,Hiiu maakond,104.0,584.0,1711221.0
2010 III,Ida-Viru maakond,751.0,1044.0,12381493.0
2010 III,Jõgeva maakond,233.0,1417.0,3524380.0
2010 III,Järva maakond,213.0,1337.0,3161558.0
2010 III,Lääne maakond,167.0,751.0,3149674.0
2010 III,Lääne-Viru maakond,387.0,1755.0,10139778.0
2010 III,Põlva maakond,147.0,744.0,2157439.0
2010 III,Pärnu maakond,607.0,2667.0,16823166.0
2010 III,Rapla maakond,220.0,1701.0,4948285.0
2010 III,Saare maakond,395.0,2246.0,6588646.0
2010 III,Tartu maakond,816.0,1440.0,33047257.0
2010 III,Valga maakond,156.0,913.0,6071032.0
2010 III,Viljandi maakond,383.0,3480.0,6675685.0
2010 III,Võru maakond,253.0,1280.0,4026894.0
2010 IV,Harju maakond,3654.0,3126.0,247942636.0
2010 IV,Hiiu maakond,129.0,722.0,1640721.0
2010 IV,Ida-Viru maakond,898.0,2408.0,16772056.0
2010 IV,Jõgeva maakond,243.0,1884.0,4557731.0
2010 IV,Järva maakond,252.0,1713.0,3669422.0
2010 IV,Lääne maakond,186.0,873.0,3428542.0
2010 IV,Lääne-Viru maakond,514.0,2993.0,10636674.0
2010 IV,Põlva maakond,137.0,711.0,2274733.0
2010 IV,Pärnu maakond,562.0,2758.0,16909243.0
2010 IV,Rapla maakond,229.0,1255.0,4700073.0
2010 IV,Saare maakond,508.0,3582.0,9034013.0
2010 IV,Tartu maakond,831.0,1455.0,35866122.0
2010 IV,Valga maakond,218.0,1184.0,3944907.0
2010 IV,Viljandi maakond,339.0,1627.0,5896359.0
2010 IV,Võru maakond,304.0,2122.0,4595147.0
2011 I,Harju maakond,2626.0,2706.0,284444581.0
2011 I,Hiiu maakond,72.0,596.0,1549405.0
2011 I,Ida-Viru maakond,479.0,690.0,7940642.0
2011 I,Jõgeva maakond,178.0,1351.0,3017795.0
2011 I,Järva maakond,185.0,1290.0,2399096.0
2011 I,Lääne maakond,158.0,1270.0,3179695.0
2011 I,Lääne-Viru maakond,299.0,2651.0,6236419.0
2011 I,Põlva maakond,113.0,770.0,2007940.0
2011 I,Pärnu maakond,517.0,1824.0,12745672.0
2011 I,Rapla maakond,132.0,1178.0,5775183.0
2011 I,Saare maakond,523.0,3435.0,6606271.0
2011 I,Tartu maakond,564.0,1056.0,25988028.0
2011 I,Valga maakond,131.0,617.0,2311883.0
2011 I,Viljandi maakond,233.0,1357.0,5349086.0
2011 I,Võru maakond,173.0,1145.0,2975637.0
2011 II,Harju maakond,3390.0,4251.0,226036508.0
2011 II,Hiiu maakond,90.0,820.0,2423259.0
2011 II,Ida-Viru maakond,776.0,2354.0,13318506.0
2011 II,Jõgeva maakond,261.0,2318.0,5888357.0
2011 II,Järva maakond,230.0,1870.0,5330254.0
2011 II,Lääne maakond,213.0,1644.0,3799330.0
2011 II,Lääne-Viru maakond,407.0,2764.0,8504061.0
2011 II,Põlva maakond,196.0,1102.0,4277397.0
2011 II,Pärnu maakond,592.0,3214.0,14848370.0
2011 II,Rapla maakond,223.0,1525.0,4982133.0
2011 II,Saare maakond,432.0,2830.0,8833716.0
2011 II,Tartu maakond,805.0,1343.0,37445130.0
2011 II,Valga maakond,182.0,1479.0,3090742.0
2011 II,Viljandi maakond,269.0,1531.0,5780298.0
2011 II,Võru maakond,275.0,1685.0,4437548.0
2011 III,Harju maakond,3355.0,1913.0,287190668.0
2011 III,Hiiu maakond,117.0,599.0,2085073.0
2011 III,Ida-Viru maakond,709.0,683.0,9828859.0
2011 III,Jõgeva maakond,336.0,2257.0,5463446.0
2011 III,Järva maakond,294.0,2489.0,4390221.0
2011 III,Lääne maakond,254.0,1892.0,5457748.0
2011 III,Lääne-Viru maakond,383.0,2048.0,7670075.0
2011 III,Põlva maakond,203.0,1107.0,3008993.0
2011 III,Pärnu maakond,600.0,2550.0,17089845.0
2011 III,Rapla maakond,263.0,1746.0,5565058.0
2011 III,Saare maakond,436.0,2668.0,8576466.0
2011 III,Tartu maakond,863.0,1051.0,36687991.0
2011 III,Valga maakond,171.0,904.0,4325634.0
2011 III,Viljandi maakond,269.0,1246.0,6218210.0
2011 III,Võru maakond,259.0,1517.0,4299007.0
2011 IV,Harju maakond,3712.0,2572.0,263260564.0
2011 IV,Hiiu maakond,101.0,728.0,2166860.0
2011 IV,Ida-Viru maakond,724.0,1203.0,16476003.0
2011 IV,Jõgeva maakond,323.0,2380.0,6328793.0
2011 IV,Järva maakond,299.0,2368.0,4983677.0
2011 IV,Lääne maakond,181.0,1246.0,4160991.0
2011 IV,Lääne-Viru maakond,467.0,2791.0,10268045.0
2011 IV,Põlva maakond,189.0,1102.0,3156648.0
2011 IV,Pärnu maakond,653.0,3790.0,21473474.0
2011 IV,Rapla maakond,273.0,2367.0,7909292.0
2011 IV,Saare maakond,480.0,3408.0,9040491.0
2011 IV,Tartu maakond,911.0,1904.0,40789393.0
2011 IV,Valga maakond,190.0,1684.0,6000075.0
2011 IV,Viljandi maakond,442.0,3047.0,9693641.0
2011 IV,Võru maakond,310.0,2085.0,10021012.0
2012 I,Harju maakond,3175.0,2039.0,238394314.0
2012 I,Hiiu maakond,103.0,706.0,1816285.0
2012 I,Ida-Viru maakond,615.0,808.0,10658508.0
2012 I,Jõgeva maakond,195.0,1067.0,2757015.0
2012 I,Järva maakond,212.0,1379.0,2532122.0
2012 I,Lääne maakond,213.0,1681.0,4154056.0
2012 I,Lääne-Viru maakond,337.0,1675.0,5715521.0
2012 I,Põlva maakond,127.0,670.0,2050498.0
2012 I,Pärnu maakond,429.0,1587.0,25938896.0
2012 I,Rapla maakond,213.0,1334.0,4099545.0
2012 I,Saare maakond,660.0,5260.0,9855556.0
2012 I,Tartu maakond,697.0,1275.0,34651940.0
2012 I,Valga maakond,153.0,1240.0,3908041.0
2012 I,Viljandi maakond,228.0,1787.0,5387277.0
2012 I,Võru maakond,269.0,2996.0,5120605.0
2012 II,Harju maakond,3656.0,1776.0,255636019.0
2012 II,Hiiu maakond,168.0,1000.0,3304220.0
2012 II,Ida-Viru maakond,844.0,1254.0,19344367.0
2012 II,Jõgeva maakond,307.0,1789.0,7391783.0
2012 II,Järva maakond,258.0,1533.0,3427561.0
2012 II,Lääne maakond,182.0,1199.0,4215510.0
2012 II,Lääne-Viru maakond,612.0,4469.0,13514079.0
2012 II,Põlva maakond,177.0,1039.0,2885458.0
2012 II,Pärnu maakond,584.0,2393.0,21425096.0
2012 II,Rapla maakond,284.0,2081.0,7144475.0
2012 II,Saare maakond,452.0,2745.0,9321743.0
2012 II,Tartu maakond,995.0,2082.0,48983460.0
2012 II,Valga maakond,218.0,1375.0,5635013.0
2012 II,Viljandi maakond,372.0,2864.0,10712028.0
2012 II,Võru maakond,350.0,2166.0,5776163.0
2012 III,Harju maakond,3904.0,2951.0,316799054.0
2012 III,Hiiu maakond,94.0,639.0,1526117.0
2012 III,Ida-Viru maakond,879.0,849.0,13247879.0
2012 III,Jõgeva maakond,287.0,1786.0,5095028.0
2012 III,Järva maakond,233.0,2563.0,6587718.0
2012 III,Lääne maakond,330.0,2459.0,6388760.0
2012 III,Lääne-Viru maakond,490.0,2373.0,12318107.0
2012 III,Põlva maakond,193.0,1243.0,3638777.0
2012 III,Pärnu maakond,712.0,2919.0,23066580.0
2012 III,Rapla maakond,245.0,1602.0,7573048.0
2012 III,Saare maakond,399.0,2201.0,8985761.0
2012 III,Tartu maakond,1005.0,1712.0,54449720.0
2012 III,Valga maakond,194.0,912.0,3906417.0
2012 III,Viljandi maakond,362.0,2739.0,8123449.0
2012 III,Võru maakond,315.0,1602.0,5682858.0
2012 IV,Harju maakond,3931.0,3030.0,337564108.0
2012 IV,Hiiu maakond,128.0,765.0,3122165.0
2012 IV,Ida-Viru maakond,751.0,1049.0,25790429.0
2012 IV,Jõgeva maakond,310.0,2029.0,5737872.0
2012 IV,Järva maakond,308.0,2433.0,6414139.0
2012 IV,Lääne maakond,247.0,1859.0,7859397.0
2012 IV,Lääne-Viru maakond,482.0,2373.0,15510060.0
2012 IV,Põlva maakond,205.0,1436.0,3823570.0
2012 IV,Pärnu maakond,735.0,3110.0,23188486.0
2012 IV,Rapla maakond,254.0,1775.0,5088084.0
2012 IV,Saare maakond,471.0,4446.0,11232353.0
2012 IV,Tartu maakond,1013.0,2864.0,52817032.0
2012 IV,Valga maakond,206.0,1606.0,4215630.0
2012 IV,Viljandi maakond,417.0,2888.0,10268234.0
2012 IV,Võru maakond,293.0,2123.0,6514676.0
2013 I,Harju maakond,3609.0,2426.0,279372517.0
2013 I,Hiiu maakond,103.0,655.0,1905537.0
2013 I,Ida-Viru maakond,753.0,1298.0,18622965.0
2013 I,Jõgeva maakond,307.0,2377.0,5179475.0
2013 I,Järva maakond,243.0,1856.0,4172563.0
2013 I,Lääne maakond,165.0,1343.0,5259482.0
2013 I,Lääne-Viru maakond,487.0,3108.0,10192821.0
2013 I,Põlva maakond,190.0,1311.0,3685465.0
2013 I,Pärnu maakond,570.0,2279.0,19613374.0
2013 I,Rapla maakond,264.0,1817.0,4885535.0
2013 I,Saare maakond,364.0,2300.0,7336124.0
2013 I,Tartu maakond,914.0,1724.0,43460236.0
2013 I,Valga maakond,183.0,1250.0,6431834.0
2013 I,Viljandi maakond,320.0,2147.0,8664436.0
2013 I,Võru maakond,295.0,2003.0,6495217.0
2013 II,Harju maakond,4355.0,2228.0,352120064.0
2013 II,Hiiu maakond,164.0,1036.0,3023580.0
2013 II,Ida-Viru maakond,844.0,1190.0,15611114.0
2013 II,Jõgeva maakond,295.0,1688.0,4792307.0
2013 II,Järva maakond,330.0,2003.0,5815734.0
2013 II,Lääne maakond,255.0,1492.0,4432406.0
2013 II,Lääne-Viru maakond,524.0,2647.0,10095451.0
2013 II,Põlva maakond,212.0,1639.0,4457138.0
2013 II,Pärnu maakond,716.0,2528.0,21707498.0
2013 II,Rapla maakond,343.0,2121.0,6889139.0
2013 II,Saare maakond,543.0,3291.0,10721971.0
2013 II,Tartu maakond,1137.0,2087.0,59204763.0
2013 II,Valga maakond,246.0,2474.0,6889133.0
2013 II,Viljandi maakond,396.0,2792.0,10300086.0
2013 II,Võru maakond,341.0,2019.0,7613122.0
2013 III,Harju maakond,4166.0,2312.0,356391626.0
2013 III,Hiiu maakond,218.0,1549.0,4867227.0
2013 III,Ida-Viru maakond,994.0,816.0,17277742.0
2013 III,Jõgeva maakond,315.0,1741.0,5611348.0
2013 III,Järva maakond,393.0,3002.0,4848561.0
2013 III,Lääne maakond,242.0,1069.0,9500474.0
2013 III,Lääne-Viru maakond,502.0,2223.0,10120702.0
2013 III,Põlva maakond,239.0,1307.0,5247022.0
2013 III,Pärnu maakond,786.0,3206.0,25273120.0
2013 III,Rapla maakond,341.0,1544.0,6861260.0
2013 III,Saare maakond,569.0,3941.0,12821216.0
2013 III,Tartu maakond,1223.0,2067.0,68438272.0
2013 III,Valga maakond,281.0,2666.0,10984049.0
2013 III,Viljandi maakond,428.0,2453.0,8940567.0
2013 III,Võru maakond,390.0,2701.0,13899845.0
2013 IV,Harju maakond,4632.0,2951.0,382796519.0
2013 IV,Hiiu maakond,138.0,757.0,1561872.0
2013 IV,Ida-Viru maakond,995.0,1283.0,16052744.0
2013 IV,Jõgeva maakond,290.0,1608.0,4440609.0
2013 IV,Järva maakond,329.0,2028.0,6484252.0
2013 IV,Lääne maakond,286.0,2327.0,6520985.0
2013 IV,Lääne-Viru maakond,550.0,2353.0,11518109.0
2013 IV,Põlva maakond,264.0,1744.0,5106975.0
2013 IV,Pärnu maakond,743.0,2661.0,24713034.0
2013 IV,Rapla maakond,364.0,2442.0,10099906.0
2013 IV,Saare maakond,459.0,2869.0,10476054.0
2013 IV,Tartu maakond,1120.0,1778.0,53171098.0
2013 IV,Valga maakond,303.0,2155.0,6551320.0
2013 IV,Viljandi maakond,434.0,3139.0,12117778.0
2013 IV,Võru maakond,389.0,2533.0,8072162.0
2014 I,Harju maakond,4143.0,2140.0,339613060.0
2014 I,Hiiu maakond,220.0,1583.0,4104600.0
2014 I,Ida-Viru maakond,903.0,931.0,15728904.0
2014 I,Jõgeva maakond,338.0,2216.0,6676639.0
2014 I,Järva maakond,287.0,2094.0,5632572.0
2014 I,Lääne maakond,198.0,1031.0,3905986.0
2014 I,Lääne-Viru maakond,495.0,2151.0,10951691.0
2014 I,Põlva maakond,247.0,1249.0,5213512.0
2014 I,Pärnu maakond,630.0,2216.0,20746924.0
2014 I,Rapla maakond,270.0,1723.0,6564550.0
2014 I,Saare maakond,505.0,3160.0,10728078.0
2014 I,Tartu maakond,1020.0,1788.0,45283192.0
2014 I,Valga maakond,236.0,1677.0,4593940.0
2014 I,Viljandi maakond,438.0,3930.0,11550542.0
2014 I,Võru maakond,351.0,1868.0,7005323.0
2014 II,Harju maakond,4365.0,3013.0,382525977.0
2014 II,Hiiu maakond,105.0,480.0,1802583.0
2014 II,Ida-Viru maakond,1087.0,1558.0,18156702.0
2014 II,Jõgeva maakond,316.0,1811.0,6758526.0
2014 II,Järva maakond,420.0,2611.0,7377098.0
2014 II,Lääne maakond,290.0,1965.0,6395120.0
2014 II,Lääne-Viru maakond,644.0,3056.0,15964051.0
2014 II,Põlva maakond,229.0,1331.0,6333120.0
2014 II,Pärnu maakond,861.0,3304.0,28074929.0
2014 II,Rapla maakond,367.0,2310.0,9717565.0
2014 II,Saare maakond,552.0,3222.0,10486914.0
2014 II,Tartu maakond,1206.0,2787.0,62495793.0
2014 II,Valga maakond,277.0,1766.0,4959008.0
2014 II,Viljandi maakond,484.0,3177.0,12738154.0
2014 II,Võru maakond,414.0,2244.0,8895843.0
2014 III,Harju maakond,4354.0,2022.0,388468474.0
2014 III,Hiiu maakond,114.0,413.0,2432148.0
2014 III,Ida-Viru maakond,950.0,840.0,17111477.0
2014 III,Jõgeva maakond,300.0,1701.0,6241482.0
2014 III,Järva maakond,332.0,1565.0,6097319.0
2014 III,Lääne maakond,250.0,1012.0,5482122.0
2014 III,Lääne-Viru maakond,558.0,2634.0,14456884.0
2014 III,Põlva maakond,229.0,853.0,4533536.0
2014 III,Pärnu maakond,822.0,2596.0,26923868.0
2014 III,Rapla maakond,328.0,1786.0,8004066.0
2014 III,Saare maakond,414.0,2187.0,8611981.0
2014 III,Tartu maakond,1121.0,1814.0,56407794.0
2014 III,Valga maakond,219.0,1172.0,5514568.0
2014 III,Viljandi maakond,415.0,2057.0,10450357.0
2014 III,Võru maakond,424.0,2329.0,10663494.0
2014 IV,Harju maakond,4737.0,3265.0,469003936.0
2014 IV,Hiiu maakond,142.0,586.0,2734344.0
2014 IV,Ida-Viru maakond,865.0,1824.0,18017332.0
2014 IV,Jõgeva maakond,546.0,3978.0,10339597.0
2014 IV,Järva maakond,536.0,4248.0,13942946.0
2014 IV,Lääne maakond,320.0,2210.0,7464079.0
2014 IV,Lääne-Viru maakond,737.0,4106.0,16877526.0
2014 IV,Põlva maakond,338.0,2254.0,7636709.0
2014 IV,Pärnu maakond,771.0,3156.0,25188082.0
2014 IV,Rapla maakond,403.0,2262.0,9540104.0
2014 IV,Saare maakond,463.0,2557.0,10378773.0
2014 IV,Tartu maakond,1168.0,2323.0,73848282.0
2014 IV,Valga maakond,290.0,1749.0,6366613.0
2014 IV,Viljandi maakond,561.0,4278.0,14465799.0
2014 IV,Võru maakond,367.0,1968.0,7084737.0
2015 I,Harju maakond,4452.0,2169.0,428899914.0
2015 I,Hiiu maakond,86.0,368.0,2032200.0
2015 I,Ida-Viru maakond,789.0,1811.0,15888135.0
2015 I,Jõgeva maakond,281.0,1705.0,5016958.0
2015 I,Järva maakond,297.0,1632.0,5327556.0
2015 I,Lääne maakond,234.0,1525.0,5336106.0
2015 I,Lääne-Viru maakond,499.0,2032.0,9557368.0
2015 I,Põlva maakond,204.0,1117.0,3546505.0
2015 I,Pärnu maakond,784.0,5070.0,26586624.0
2015 I,Rapla maakond,348.0,2115.0,7620208.0
2015 I,Saare maakond,358.0,1524.0,7377866.0
2015 I,Tartu maakond,1104.0,2015.0,56473958.0
2015 I,Valga maakond,187.0,1040.0,5146675.0
2015 I,Viljandi maakond,374.0,2778.0,10991790.0
2015 I,Võru maakond,289.0,1401.0,5534830.0
2015 II,Harju maakond,5273.0,2824.0,479440430.0
2015 II,Hiiu maakond,84.0,277.0,2235710.0
2015 II,Ida-Viru maakond,815.0,1309.0,15415360.0
2015 II,Jõgeva maakond,366.0,1874.0,6771656.0
2015 II,Järva maakond,398.0,1209.0,7355313.0
2015 II,Lääne maakond,380.0,1656.0,6634893.0
2015 II,Lääne-Viru maakond,536.0,1830.0,10613755.0
2015 II,Põlva maakond,302.0,1487.0,23147699.0
2015 II,Pärnu maakond,919.0,2704.0,31017363.0
2015 II,Rapla maakond,338.0,1772.0,9787419.0
2015 II,Saare maakond,553.0,2547.0,11120245.0
2015 II,Tartu maakond,1249.0,1955.0,67748943.0
2015 II,Valga maakond,288.0,1826.0,10857214.0
2015 II,Viljandi maakond,445.0,2388.0,11019743.0
2015 II,Võru maakond,401.0,2136.0,7380633.0
2015 III,Harju maakond,4883.0,2379.0,446265350.0
2015 III,Hiiu maakond,82.0,241.0,1494532.0
2015 III,Ida-Viru maakond,898.0,958.0,15187811.0
2015 III,Jõgeva maakond,286.0,1088.0,4474158.0
2015 III,Järva maakond,349.0,1895.0,5717838.0
2015 III,Lääne maakond,301.0,1014.0,6721573.0
2015 III,Lääne-Viru maakond,550.0,1676.0,12153968.0
2015 III,Põlva maakond,245.0,935.0,4671377.0
2015 III,Pärnu maakond,814.0,2566.0,25475541.0
2015 III,Rapla maakond,362.0,1703.0,9216411.0
2015 III,Saare maakond,393.0,1693.0,21809556.0
2015 III,Tartu maakond,1301.0,1314.0,87368090.0
2015 III,Valga maakond,303.0,2052.0,6487117.0
2015 III,Viljandi maakond,484.0,1898.0,10888862.0
2015 III,Võru maakond,341.0,1091.0,5065970.0
2015 IV,Harju maakond,5545.0,2316.0,588565492.0
2015 IV,Hiiu maakond,107.0,377.0,2070286.0
2015 IV,Ida-Viru maakond,796.0,1086.0,25803327.0
2015 IV,Jõgeva maakond,332.0,1764.0,6365685.0
2015 IV,Järva maakond,371.0,2040.0,6926375.0
2015 IV,Lääne maakond,275.0,1160.0,6070589.0
2015 IV,Lääne-Viru maakond,619.0,2616.0,15005237.0
2015 IV,Põlva maakond,220.0,1138.0,4199736.0
2015 IV,Pärnu maakond,808.0,2344.0,32396197.0
2015 IV,Rapla maakond,438.0,2337.0,10827371.0
2015 IV,Saare maakond,472.0,2159.0,10662273.0
2015 IV,Tartu maakond,1197.0,2062.0,68387264.0
2015 IV,Valga maakond,283.0,2167.0,8555532.0
2015 IV,Viljandi maakond,434.0,1784.0,12188886.0
2015 IV,Võru maakond,376.0,1842.0,6793955.0
2016 I,Harju maakond,4563.0,2726.0,376418445.0
2016 I,Hiiu maakond,82.0,367.0,1460503.0
2016 I,Ida-Viru maakond,733.0,2763.0,18399190.0
2016 I,Jõgeva maakond,271.0,1398.0,4420714.0
2016 I,Järva maakond,378.0,1819.0,6157978.0
2016 I,Lääne maakond,249.0,1565.0,6354382.0
2016 I,Lääne-Viru maakond,525.0,2406.0,14025713.0
2016 I,Põlva maakond,258.0,1394.0,5229215.0
2016 I,Pärnu maakond,772.0,2687.0,28639979.0
2016 I,Rapla maakond,314.0,1665.0,7117477.0
2016 I,Saare maakond,359.0,1721.0,9000431.0
2016 I,Tartu maakond,1053.0,1737.0,74348310.0
2016 I,Valga maakond,201.0,712.0,4240040.0
2016 I,Viljandi maakond,324.0,1299.0,7518071.0
2016 I,Võru maakond,326.0,1765.0,11882670.0
2016 II,Harju maakond,5179.0,2594.0,488583515.0
2016 II,Hiiu maakond,126.0,880.0,3780592.0
2016 II,Ida-Viru maakond,807.0,1198.0,13918038.0
2016 II,Jõgeva maakond,381.0,2066.0,7123045.0
2016 II,Järva maakond,401.0,1864.0,8052851.0
2016 II,Lääne maakond,327.0,1946.0,8747570.0
2016 II,Lääne-Viru maakond,601.0,1981.0,11357564.0
2016 II,Põlva maakond,300.0,1309.0,4854406.0
2016 II,Pärnu maakond,1011.0,2862.0,36573420.0
2016 II,Rapla maakond,422.0,1506.0,9252484.0
2016 II,Saare maakond,499.0,2217.0,10842782.0
2016 II,Tartu maakond,1419.0,2247.0,92497805.0
2016 II,Valga maakond,314.0,1875.0,7789603.0
2016 II,Viljandi maakond,440.0,1661.0,10953031.0
2016 II,Võru maakond,403.0,1753.0,9600968.0
2016 III,Harju maakond,5297.0,2138.0,540840696.0
2016 III,Hiiu maakond,95.0,688.0,2787798.0
2016 III,Ida-Viru maakond,842.0,1007.0,28562526.0
2016 III,Jõgeva maakond,318.0,1582.0,5286413.0
2016 III,Järva maakond,335.0,1272.0,6505328.0
2016 III,Lääne maakond,324.0,1645.0,6997375.0
2016 III,Lääne-Viru maakond,609.0,1937.0,24059749.0
2016 III,Põlva maakond,227.0,908.0,4661687.0
2016 III,Pärnu maakond,880.0,2038.0,38229654.0
2016 III,Rapla maakond,363.0,1786.0,9576325.0
2016 III,Saare maakond,469.0,2172.0,12036770.0
2016 III,Tartu maakond,1348.0,1590.0,81721492.0
2016 III,Valga maakond,253.0,1051.0,5430309.0
2016 III,Viljandi maakond,474.0,2011.0,12520790.0
2016 III,Võru maakond,414.0,2019.0,10155448.0
2016 IV,Harju maakond,5685.0,3370.0,549232723.0
2016 IV,Hiiu maakond,85.0,226.0,3613049.0
2016 IV,Ida-Viru maakond,730.0,1221.0,14148963.0
2016 IV,Jõgeva maakond,330.0,1731.0,5717048.0
2016 IV,Järva maakond,304.0,1449.0,6154266.0
2016 IV,Lääne maakond,297.0,1577.0,6673655.0
2016 IV,Lääne-Viru maakond,602.0,3208.0,18476444.0
2016 IV,Põlva maakond,248.0,1009.0,5109202.0
2016 IV,Pärnu maakond,797.0,1896.0,35117754.0
2016 IV,Rapla maakond,332.0,1903.0,7739677.0
2016 IV,Saare maakond,383.0,1226.0,8732316.0
2016 IV,Tartu maakond,1240.0,2232.0,76909898.0
2016 IV,Valga maakond,218.0,935.0,6214226.0
2016 IV,Viljandi maakond,425.0,2033.0,9915502.0
2016 IV,Võru maakond,405.0,2251.0,9265872.0
2017 I,Harju maakond,5545.0,2251.0,539596433.0
2017 I,Hiiu maakond,78.0,257.0,1691002.0
2017 I,Ida-Viru maakond,867.0,1269.0,16748561.0
2017 I,Jõgeva maakond,357.0,1968.0,9697568.0
2017 I,Järva maakond,258.0,1305.0,4728156.0
2017 I,Lääne maakond,310.0,1014.0,7593995.0
2017 I,Lääne-Viru maakond,575.0,2282.0,13893890.0
2017 I,Põlva maakond,237.0,865.0,4682435.0
2017 I,Pärnu maakond,799.0,1981.0,43690171.0
2017 I,Rapla maakond,354.0,1826.0,9582862.0
2017 I,Saare maakond,415.0,1321.0,8908186.0
2017 I,Tartu maakond,1144.0,1872.0,76494221.0
2017 I,Valga maakond,242.0,931.0,4596365.0
2017 I,Viljandi maakond,352.0,1340.0,11531664.0
2017 I,Võru maakond,393.0,1862.0,8498580.0
2017 II,Harju maakond,5521.0,2876.0,480256777.0
2017 II,Hiiu maakond,72.0,358.0,1121618.0
2017 II,Ida-Viru maakond,1001.0,1978.0,36863299.0
2017 II,Jõgeva maakond,439.0,2328.0,8885166.0
2017 II,Järva maakond,377.0,1509.0,6899273.0
2017 II,Lääne maakond,363.0,1317.0,7743587.0
2017 II,Lääne-Viru maakond,788.0,2775.0,15623612.0
2017 II,Põlva maakond,262.0,1260.0,5555050.0
2017 II,Pärnu maakond,947.0,2113.0,38920628.0
2017 II,Rapla maakond,392.0,2029.0,10221050.0
2017 II,Saare maakond,530.0,2341.0,11504156.0
2017 II,Tartu maakond,1439.0,1595.0,81763784.0
2017 II,Valga maakond,301.0,905.0,5713609.0
2017 II,Viljandi maakond,466.0,1937.0,15364687.0
2017 II,Võru maakond,599.0,3446.0,15488823.0
2017 III,Harju maakond,5745.0,2061.0,548271850.0
2017 III,Hiiu maakond,130.0,440.0,2371473.0
2017 III,Ida-Viru maakond,862.0,1067.0,21763999.0
2017 III,Jõgeva maakond,397.0,2073.0,7891181.0
2017 III,Järva maakond,380.0,1851.0,7929509.0
2017 III,Lääne maakond,271.0,1114.0,10473687.0
2017 III,Lääne-Viru maakond,628.0,2263.0,16695888.0
2017 III,Põlva maakond,236.0,975.0,4758819.0
2017 III,Pärnu maakond,856.0,2306.0,35326726.0
2017 III,Rapla maakond,404.0,1615.0,9592169.0
2017 III,Saare maakond,569.0,2214.0,13812101.0
2017 III,Tartu maakond,1382.0,1679.0,83262500.0
2017 III,Valga maakond,293.0,1210.0,6623051.0
2017 III,Viljandi maakond,444.0,1965.0,12680027.0
2017 III,Võru maakond,419.0,1238.0,8061316.0
2017 IV,Harju maakond,6190.0,2454.0,684520155.0
2017 IV,Hiiu maakond,128.0,511.0,2625757.0
2017 IV,Ida-Viru maakond,871.0,1009.0,28020424.0
2017 IV,Jõgeva maakond,378.0,1523.0,8241888.0
2017 IV,Järva maakond,388.0,1746.0,10393113.0
2017 IV,Lääne maakond,274.0,616.0,6528956.0
2017 IV,Lääne-Viru maakond,722.0,2317.0,23680087.0
2017 IV,Põlva maakond,306.0,1537.0,7357236.0
2017 IV,Pärnu maakond,900.0,1938.0,43155145.0
2017 IV,Rapla maakond,371.0,1780.0,11519511.0
2017 IV,Saare maakond,461.0,1773.0,10405386.0
2017 IV,Tartu maakond,1214.0,1615.0,84310787.0
2017 IV,Valga maakond,297.0,1412.0,7661227.0
2017 IV,Viljandi maakond,422.0,1953.0,12092837.0
2017 IV,Võru maakond,423.0,2269.0,10403153.0
2018 I,Harju maakond,5287.0,1865.0,635470671.0
2018 I,Hiiu maakond,82.0,370.0,2397478.0
2018 I,Ida-Viru maakond,715.0,1006.0,18233636.0
2018 I,Jõgeva maakond,258.0,1246.0,5333393.0
2018 I,Järva maakond,269.0,1063.0,6780159.0
2018 I,Lääne maakond,168.0,449.0,2941633.0
2018 I,Lääne-Viru maakond,550.0,1850.0,15992904.0
2018 I,Põlva maakond,302.0,1575.0,6610701.0
2018 I,Pärnu maakond,698.0,1673.0,32087112.0
2018 I,Rapla maakond,248.0,1151.0,7098772.0
2018 I,Saare maakond,351.0,1613.0,7753163.0
2018 I,Tartu maakond,1144.0,1309.0,89467119.0
2018 I,Valga maakond,237.0,1431.0,6510195.0
2018 I,Viljandi maakond,411.0,1670.0,10901469.0
2018 I,Võru maakond,333.0,1388.0,7991201.0
2018 II,Harju maakond,6072.0,2014.0,635611997.0
2018 II,Hiiu maakond,108.0,305.0,2437734.0
2018 II,Ida-Viru maakond,952.0,1527.0,16274504.0
2018 II,Jõgeva maakond,347.0,1472.0,7807835.0
2018 II,Järva maakond,366.0,1714.0,8937539.0
2018 II,Lääne maakond,301.0,1330.0,8941104.0
2018 II,Lääne-Viru maakond,683.0,2405.0,16146020.0
2018 II,Põlva maakond,266.0,936.0,5696228.0
2018 II,Pärnu maakond,910.0,2538.0,41220298.0
2018 II,Rapla maakond,334.0,1248.0,9727372.0
2018 II,Saare maakond,567.0,3487.0,14791614.0
2018 II,Tartu maakond,1369.0,1783.0,100930962.0
2018 II,Valga maakond,252.0,1162.0,6743660.0
2018 II,Viljandi maakond,470.0,1752.0,15873707.0
2018 II,Võru maakond,367.0,1325.0,11356609.0
2018 III,Harju maakond,5017.0,1629.0,520344551.0
2018 III,Hiiu maakond,133.0,550.0,3916474.0
2018 III,Ida-Viru maakond,929.0,696.0,16800116.0
2018 III,Jõgeva maakond,306.0,1124.0,6118066.0
2018 III,Järva maakond,316.0,1401.0,8200495.0
2018 III,Lääne maakond,328.0,1151.0,7726810.0
2018 III,Lääne-Viru maakond,689.0,2163.0,34313773.0
2018 III,Põlva maakond,248.0,850.0,6264642.0
2018 III,Pärnu maakond,844.0,2042.0,42154416.0
2018 III,Rapla maakond,328.0,1328.0,10643690.0
2018 III,Saare maakond,448.0,1842.0,14608193.0
2018 III,Tartu maakond,1395.0,1606.0,94379646.0
2018 III,Valga maakond,266.0,913.0,5274386.0
2018 III,Viljandi maakond,403.0,1528.0,12298080.0
2018 III,Võru maakond,388.0,1409.0,9317075.0
2018 IV,Harju maakond,5585.0,2807.0,594493692.0
2018 IV,Hiiu maakond,127.0,570.0,3088456.0
2018 IV,Ida-Viru maakond,914.0,1129.0,18474902.0
2018 IV,Jõgeva maakond,287.0,1104.0,6139506.0
2018 IV,Järva maakond,326.0,1617.0,10253477.0
2018 IV,Lääne maakond,325.0,1387.0,9225578.0
2018 IV,Lääne-Viru maakond,536.0,1514.0,16142982.0
2018 IV,Põlva maakond,245.0,1010.0,7680552.0
2018 IV,Pärnu maakond,822.0,2063.0,39594788.0
2018 IV,Rapla maakond,388.0,1994.0,13293170.0
2018 IV,Saare maakond,494.0,2207.0,13305916.0
2018 IV,Tartu maakond,1362.0,1297.0,102367233.0
2018 IV,Valga maakond,232.0,708.0,5336841.0
2018 IV,Viljandi maakond,453.0,2829.0,18234675.0
2018 IV,Võru maakond,381.0,1483.0,12896523.0
2019 I,Harju maakond,5118.0,2023.0,706829865.0
2019 I,Hiiu maakond,118.0,582.0,3067183.0
2019 I,Ida-Viru maakond,813.0,798.0,13080739.0
2019 I,Jõgeva maakond,252.0,1231.0,7221291.0
2019 I,Järva maakond,276.0,1431.0,8301327.0
2019 I,Lääne maakond,235.0,1111.0,7101337.0
2019 I,Lääne-Viru maakond,560.0,1810.0,14731898.0
2019 I,Põlva maakond,217.0,1050.0,6365606.0
2019 I,Pärnu maakond,736.0,1993.0,53430673.0
2019 I,Rapla maakond,312.0,2013.0,10554955.0
2019 I,Saare maakond,297.0,1295.0,7917198.0
2019 I,Tartu maakond,1180.0,1617.0,81969417.0
2019 I,Valga maakond,199.0,449.0,4672799.0
2019 I,Viljandi maakond,371.0,1658.0,11772098.0
2019 I,Võru maakond,380.0,1437.0,8984870.0
2019 II,Harju maakond,5670.0,2164.0,571572615.0
2019 II,Hiiu maakond,124.0,454.0,2921318.0
2019 II,Ida-Viru maakond,1015.0,934.0,15396822.0
2019 II,Jõgeva maakond,338.0,1104.0,7052358.0
2019 II,Järva maakond,350.0,847.0,9206505.0
2019 II,Lääne maakond,337.0,1904.0,9117354.0
2019 II,Lääne-Viru maakond,606.0,1671.0,14702927.0
2019 II,Põlva maakond,267.0,1063.0,9072907.0
2019 II,Pärnu maakond,1022.0,3483.0,62438899.0
2019 II,Rapla maakond,383.0,1403.0,12338841.0
2019 II,Saare maakond,344.0,1550.0,13953913.0
2019 II,Tartu maakond,1415.0,1677.0,94439609.0
2019 II,Valga maakond,313.0,1625.0,9058529.0
2019 II,Viljandi maakond,397.0,1485.0,14686587.0
2019 II,Võru maakond,368.0,1507.0,10146329.0
2019 III,Harju maakond,5467.0,1731.0,589550268.0
2019 III,Hiiu maakond,116.0,384.0,3392119.0
2019 III,Ida-Viru maakond,940.0,805.0,15483512.0
2019 III,Jõgeva maakond,348.0,1891.0,8533400.0
2019 III,Järva maakond,317.0,774.0,7963558.0
2019 III,Lääne maakond,292.0,608.0,8362530.0
2019 III,Lääne-Viru maakond,658.0,1818.0,17523723.0
2019 III,Põlva maakond,236.0,624.0,5237202.0
2019 III,Pärnu maakond,854.0,2004.0,46522976.0
2019 III,Rapla maakond,368.0,1008.0,10801757.0
2019 III,Saare maakond,328.0,943.0,10718287.0
2019 III,Tartu maakond,1612.0,1613.0,124788528.0
2019 III,Valga maakond,254.0,719.0,6378571.0
2019 III,Viljandi maakond,393.0,1440.0,13483338.0
2019 III,Võru maakond,338.0,937.0,8773056.0
2019 IV,Harju maakond,5493.0,3525.0,666956253.0
2019 IV,Hiiu maakond,115.0,480.0,2455158.0
2019 IV,Ida-Viru maakond,923.0,736.0,16839289.0
2019 IV,Jõgeva maakond,330.0,1269.0,7613194.0
2019 IV,Järva maakond,379.0,1393.0,8042589.0
2019 IV,Lääne maakond,277.0,1099.0,5989582.0
2019 IV,Lääne-Viru maakond,606.0,1687.0,15874817.0
2019 IV,Põlva maakond,234.0,779.0,6438782.0
2019 IV,Pärnu maakond,803.0,2196.0,44633280.0
2019 IV,Rapla maakond,343.0,1175.0,11856503.0
2019 IV,Saare maakond,433.0,1716.0,12584217.0
2019 IV,Tartu maakond,1316.0,1555.0,96964546.0
2019 IV,Valga maakond,316.0,1663.0,10902736.0
2019 IV,Viljandi maakond,429.0,1509.0,13791955.0
2019 IV,Võru maakond,420.0,1258.0,10806480.0
2020 I,Harju maakond,4922.0,2140.0,568704348.0
2020 I,Hiiu maakond,234.0,2666.0,7963723.0
2020 I,Ida-Viru maakond,830.0,941.0,15753531.0
2020 I,Jõgeva maakond,285.0,1354.0,7320293.0
2020 I,Järva maakond,333.0,1103.0,7765463.0
2020 I,Lääne maakond,267.0,921.0,6758680.0
2020 I,Lääne-Viru maakond,554.0,1679.0,14088238.0
2020 I,Põlva maakond,221.0,735.0,4134214.0
2020 I,Pärnu maakond,906.0,2267.0,92919848.0
2020 I,Rapla maakond,341.0,1701.0,10982568.0
2020 I,Saare maakond,458.0,6011.0,21253244.0
2020 I,Tartu maakond,1313.0,1375.0,97567066.0
2020 I,Valga maakond,251.0,707.0,5897299.0
2020 I,Viljandi maakond,377.0,1602.0,13193624.0
2020 I,Võru maakond,342.0,1134.0,9562937.0
2020 II,Harju maakond,3620.0,1878.0,435204997.0
2020 II,Hiiu maakond,132.0,438.0,2441233.0
2020 II,Ida-Viru maakond,831.0,873.0,14361236.0
2020 II,Jõgeva maakond,319.0,976.0,5922072.0
2020 II,Järva maakond,340.0,1070.0,8809173.0
2020 II,Lääne maakond,311.0,1522.0,10229120.0
2020 II,Lääne-Viru maakond,497.0,1646.0,14529734.0
2020 II,Põlva maakond,257.0,783.0,5095351.0
2020 II,Pärnu maakond,893.0,3357.0,49958935.0
2020 II,Rapla maakond,352.0,1724.0,11753890.0
2020 II,Saare maakond,369.0,2134.0,13004227.0
2020 II,Tartu maakond,1196.0,1816.0,81392440.0
2020 II,Valga maakond,245.0,892.0,6208825.0
2020 II,Viljandi maakond,411.0,1036.0,11196410.0
2020 II,Võru maakond,468.0,2271.0,13211433.0
2020 III,Harju maakond,4968.0,2457.0,575563885.0
2020 III,Hiiu maakond,210.0,922.0,5305240.0
2020 III,Ida-Viru maakond,1065.0,1356.0,19097616.0
2020 III,Jõgeva maakond,381.0,1259.0,11345354.0
2020 III,Järva maakond,367.0,1250.0,9674462.0
2020 III,Lääne maakond,335.0,1215.0,10864576.0
2020 III,Lääne-Viru maakond,792.0,3912.0,27304665.0
2020 III,Põlva maakond,314.0,1171.0,8466555.0
2020 III,Pärnu maakond,904.0,2472.0,42842613.0
2020 III,Rapla maakond,430.0,1489.0,13335657.0
2020 III,Saare maakond,757.0,3784.0,20456672.0
2020 III,Tartu maakond,1656.0,1650.0,148270405.0
2020 III,Valga maakond,263.0,785.0,8991493.0
2020 III,Viljandi maakond,451.0,1202.0,13823509.0
2020 III,Võru maakond,514.0,1552.0,16724228.0
2020 IV,Harju maakond,6244.0,3167.0,806632861.0
2020 IV,Hiiu maakond,144.0,579.0,4279426.0
2020 IV,Ida-Viru maakond,1030.0,1522.0,22770319.0
2020 IV,Jõgeva maakond,490.0,3018.0,14290585.0
2020 IV,Järva maakond,386.0,1780.0,12326758.0
2020 IV,Lääne maakond,368.0,1609.0,11797604.0
2020 IV,Lääne-Viru maakond,747.0,3607.0,39901300.0
2020 IV,Põlva maakond,302.0,1637.0,11645266.0
2020 IV,Pärnu maakond,1085.0,3668.0,62042780.0
2020 IV,Rapla maakond,516.0,2428.0,17168330.0
2020 IV,Saare maakond,652.0,2919.0,17024626.0
2020 IV,Tartu maakond,1662.0,2811.0,150739944.0
2020 IV,Valga maakond,286.0,1076.0,7929966.0
2020 IV,Viljandi maakond,438.0,1628.0,17067152.0
2020 IV,Võru maakond,565.0,3067.0,18210585.0
2021 I,Harju maakond,5944.0,3219.0,782180542.0
2021 I,Hiiu maakond,129.0,496.0,4516276.0
2021 I,Ida-Viru maakond,951.0,1349.0,20899733.0
2021 I,Jõgeva maakond,258.0,1316.0,10030172.0
2021 I,Järva maakond,426.0,1853.0,12330142.0
2021 I,Lääne maakond,393.0,1279.0,12449569.0
2021 I,Lääne-Viru maakond,620.0,2235.0,22117394.0
2021 I,Põlva maakond,252.0,955.0,7164791.0
2021 I,Pärnu maakond,969.0,3366.0,60813545.0
2021 I,Rapla maakond,435.0,2061.0,17403842.0
2021 I,Saare maakond,537.0,2380.0,16132440.0
2021 I,Tartu maakond,1726.0,1941.0,144998317.0
2021 I,Valga maakond,301.0,1445.0,12196479.0
2021 I,Viljandi maakond,402.0,1442.0,19558466.0
2021 I,Võru maakond,410.0,1312.0,10477809.0
2021 II,Harju maakond,6837.0,3843.0,910158277.0
2021 II,Hiiu maakond,162.0,617.0,5029113.0
2021 II,Ida-Viru maakond,1228.0,2118.0,30751057.0
2021 II,Jõgeva maakond,460.0,2438.0,19183140.0
2021 II,Järva maakond,366.0,1383.0,10998307.0
2021 II,Lääne maakond,419.0,1623.0,18027477.0
2021 II,Lääne-Viru maakond,773.0,1945.0,26026667.0
2021 II,Põlva maakond,343.0,1194.0,11416144.0
2021 II,Pärnu maakond,1414.0,4747.0,125694029.0
2021 II,Rapla maakond,587.0,3457.0,25202541.0
2021 II,Saare maakond,591.0,2338.0,23504905.0
2021 II,Tartu maakond,1922.0,2408.0,175267221.0
2021 II,Valga maakond,346.0,1263.0,14110599.0
2021 II,Viljandi maakond,501.0,1999.0,22993230.0
2021 II,Võru maakond,507.0,2133.0,19310255.0
2021 III,Harju maakond,5777.0,4247.0,835785702.0
2021 III,Hiiu maakond,131.0,586.0,6046921.0
2021 III,Ida-Viru maakond,1170.0,811.0,25946076.0
2021 III,Jõgeva maakond,363.0,1038.0,10083767.0
2021 III,Järva maakond,355.0,1403.0,12280082.0
2021 III,Lääne maakond,375.0,1511.0,16274639.0
2021 III,Lääne-Viru maakond,688.0,1688.0,22680058.0
2021 III,Põlva maakond,237.0,529.0,6421889.0
2021 III,Pärnu maakond,1212.0,2301.0,90531729.0
2021 III,Rapla maakond,531.0,2386.0,23680098.0
2021 III,Saare maakond,749.0,3513.0,27928481.0
2021 III,Tartu maakond,1724.0,1781.0,166662490.0
2021 III,Valga maakond,320.0,1137.0,10016419.0
2021 III,Viljandi maakond,544.0,2783.0,34488570.0
2021 III,Võru maakond,442.0,1265.0,13458614.0
2021 IV,Harju maakond,6640.0,2797.0,1156316562.0
2021 IV,Hiiu maakond,125.0,521.0,4674050.0
2021 IV,Ida-Viru maakond,1330.0,893.0,27116431.0
2021 IV,Jõgeva maakond,558.0,3322.0,27035975.0
2021 IV,Järva maakond,396.0,1481.0,14870310.0
2021 IV,Lääne maakond,439.0,2405.0,15412906.0
2021 IV,Lääne-Viru maakond,786.0,2652.0,30281709.0
2021 IV,Põlva maakond,252.0,706.0,8932059.0
2021 IV,Pärnu maakond,1250.0,2595.0,84966550.0
2021 IV,Rapla maakond,472.0,1582.0,24649743.0
2021 IV,Saare maakond,519.0,1889.0,21075906.0
2021 IV,Tartu maakond,1916.0,1896.0,196287207.0
2021 IV,Valga maakond,332.0,911.0,12874399.0
2021 IV,Viljandi maakond,464.0,1191.0,22888407.0
2021 IV,Võru maakond,504.0,2471.0,21227812.0
2022 I,Harju maakond,4913.0,2032.0,771974987.0
2022 I,Hiiu maakond,90.0,377.0,3413755.0
2022 I,Ida-Viru maakond,952.0,1023.0,45946812.0
2022 I,Jõgeva maakond,319.0,2012.0,13808134.0
2022 I,Järva maakond,317.0,1256.0,11344250.0
2022 I,Lääne maakond,256.0,878.0,9675444.0
2022 I,Lääne-Viru maakond,553.0,1512.0,22116144.0
2022 I,Põlva maakond,249.0,847.0,9724848.0
2022 I,Pärnu maakond,983.0,2638.0,76430468.0
2022 I,Rapla maakond,330.0,1341.0,26011655.0
2022 I,Saare maakond,512.0,1917.0,37448125.0
2022 I,Tartu maakond,1611.0,1869.0,172886873.0
2022 I,Valga maakond,290.0,1288.0,16332428.0
2022 I,Viljandi maakond,407.0,2949.0,26159782.0
2022 I,Võru maakond,364.0,1088.0,13434883.0
2022 II,Harju maakond,5739.0,1876.0,950599433.0
2022 II,Hiiu maakond,118.0,434.0,4436437.0
2022 II,Ida-Viru maakond,1265.0,1115.0,33296459.0
2022 II,Jõgeva maakond,332.0,929.0,12940513.0
2022 II,Järva maakond,379.0,1272.0,15679077.0
2022 II,Lääne maakond,423.0,2144.0,24892043.0
2022 II,Lääne-Viru maakond,691.0,1479.0,29430032.0
2022 II,Põlva maakond,261.0,597.0,9649986.0
2022 II,Pärnu maakond,1063.0,1912.0,90169042.0
2022 II,Rapla maakond,459.0,1336.0,24490179.0
2022 II,Saare maakond,531.0,1376.0,20768481.0
2022 II,Tartu maakond,1751.0,1495.0,205072443.0
2022 II,Valga maakond,361.0,2122.0,18899597.0
2022 II,Viljandi maakond,405.0,904.0,23132343.0
2022 II,Võru maakond,437.0,1182.0,17303746.0
2022 III,Harju maakond,4975.0,1713.0,873732135.0
2022 III,Hiiu maakond,113.0,381.0,4555577.0
2022 III,Ida-Viru maakond,1234.0,1378.0,39381186.0
2022 III,Jõgeva maakond,299.0,871.0,11891095.0
2022 III,Järva maakond,324.0,672.0,12126128.0
2022 III,Lääne maakond,328.0,1147.0,19296264.0
2022 III,Lääne-Viru maakond,664.0,1682.0,27643561.0
2022 III,Põlva maakond,226.0,499.0,7336217.0
2022 III,Pärnu maakond,851.0,2128.0,103554711.0
2022 III,Rapla maakond,357.0,1040.0,21138428.0
2022 III,Saare maakond,425.0,1259.0,18999192.0
2022 III,Tartu maakond,1645.0,1149.0,181355835.0
2022 III,Valga maakond,235.0,404.0,9277493.0
2022 III,Viljandi maakond,432.0,1082.0,23626117.0
2022 III,Võru maakond,410.0,1254.0,17752852.0
2022 IV,Harju maakond,4268.0,2565.0,817213632.0
2022 IV,Hiiu maakond,300.0,2082.0,16421371.0
2022 IV,Ida-Viru maakond,1002.0,1019.0,27432311.0
2022 IV,Jõgeva maakond,297.0,1138.0,12215840.0
2022 IV,Järva maakond,279.0,780.0,11331805.0
2022 IV,Lääne maakond,295.0,1334.0,19006887.0
2022 IV,Lääne-Viru maakond,528.0,1750.0,25879090.0
2022 IV,Põlva maakond,232.0,851.0,8937729.0
2022 IV,Pärnu maakond,805.0,1941.0,60830173.0
2022 IV,Rapla maakond,350.0,1478.0,21283958.0
2022 IV,Saare maakond,420.0,1418.0,17414644.0
2022 IV,Tartu maakond,1151.0,1470.0,141139446.0
2022 IV,Valga maakond,235.0,701.0,9502792.0
2022 IV,Viljandi maakond,422.0,1511.0,25967764.0
2022 IV,Võru maakond,355.0,1103.0,13486016.0
2023 I,Harju maakond,3621.0,1292.0,567998354.0
2023 I,Hiiu maakond,78.0,302.0,2915268.0
2023 I,Ida-Viru maakond,863.0,847.0,22871826.0
2023 I,Jõgeva maakond,238.0,943.0,9594598.0
2023 I,Järva maakond,244.0,714.0,9331822.0
2023 I,Lääne maakond,202.0,591.0,14056549.0
2023 I,Lääne-Viru maakond,484.0,1926.0,29127912.0
2023 I,Põlva maakond,157.0,462.0,6137962.0
2023 I,Pärnu maakond,696.0,1625.0,59098534.0
2023 I,Rapla maakond,276.0,897.0,14017238.0
2023 I,Saare maakond,263.0,1021.0,12617224.0
2023 I,Tartu maakond,977.0,957.0,113577480.0
2023 I,Valga maakond,188.0,555.0,8493400.0
2023 I,Viljandi maakond,352.0,1007.0,17612883.0
2023 I,Võru maakond,258.0,776.0,11686452.0
2023 II,Harju maakond,4742.0,1543.0,852775235.0
2023 II,Hiiu maakond,135.0,653.0,6585404.0
2023 II,Ida-Viru maakond,1142.0,1387.0,33361078.0
2023 II,Jõgeva maakond,267.0,845.0,11186979.0
2023 II,Järva maakond,274.0,1067.0,20875283.0
2023 II,Lääne maakond,236.0,711.0,12495368.0
2023 II,Lääne-Viru maakond,573.0,1568.0,26790886.0
2023 II,Põlva maakond,192.0,676.0,7391376.0
2023 II,Pärnu maakond,771.0,1575.0,69635409.0
2023 II,Rapla maakond,277.0,700.0,13120566.0
2023 II,Saare maakond,350.0,1126.0,18046331.0
2023 II,Tartu maakond,1321.0,953.0,149982278.0
2023 II,Valga maakond,216.0,480.0,8742757.0
2023 II,Viljandi maakond,370.0,890.0,18959734.0
2023 II,Võru maakond,311.0,872.0,12219512.0
2023 III,Harju maakond,4262.0,1151.0,735083363.0
2023 III,Hiiu maakond,80.0,258.0,3573175.0
2023 III,Ida-Viru maakond,1073.0,561.0,28753177.0
2023 III,Jõgeva maakond,318.0,1285.0,15966416.0
2023 III,Järva maakond,269.0,815.0,15840370.0
2023 III,Lääne maakond,276.0,1066.0,19704701.0
2023 III,Lääne-Viru maakond,511.0,1224.0,21497066.0
2023 III,Põlva maakond,201.0,554.0,8738884.0
2023 III,Pärnu maakond,669.0,865.0,72091933.0
2023 III,Rapla maakond,292.0,760.0,16625447.0
2023 III,Saare maakond,353.0,1825.0,18281754.0
2023 III,Tartu maakond,1287.0,856.0,150218540.0
2023 III,Valga maakond,205.0,321.0,5918453.0
2023 III,Viljandi maakond,351.0,1054.0,19557634.0
2023 III,Võru maakond,294.0,812.0,13585334.0
2023 IV,Harju maakond,4296.0,1383.0,730373031.0
2023 IV,Hiiu maakond,71.0,197.0,3302643.0
2023 IV,Ida-Viru maakond,924.0,267.0,21736618.0
2023 IV,Jõgeva maakond,241.0,742.0,8463787.0
2023 IV,Järva maakond,268.0,1044.0,13060688.0
2023 IV,Lääne maakond,245.0,816.0,18034246.0
2023 IV,Lääne-Viru maakond,503.0,1222.0,22509442.0
2023 IV,Põlva maakond,161.0,668.0,7347035.0
2023 IV,Pärnu maakond,723.0,1623.0,65067790.0
2023 IV,Rapla maakond,368.0,1230.0,17720871.0
2023 IV,Saare maakond,355.0,1781.0,17522534.0
2023 IV,Tartu maakond,1222.0,1473.0,154945022.0
2023 IV,Valga maakond,229.0,1024.0,12394704.0
2023 IV,Viljandi maakond,343.0,1362.0,20818900.0
2023 IV,Võru maakond,313.0,823.0,13615145.0
2024 I,Harju maakond,3548.0,1240.0,683335815.0
2024 I,Hiiu maakond,90.0,214.0,3318977.0
2024 I,Ida-Viru maakond,866.0,559.0,20348121.0
2024 I,Jõgeva maakond,208.0,760.0,8544551.0
2024 I,Järva maakond,240.0,906.0,12909306.0
2024 I,Lääne maakond,203.0,642.0,11789422.0
2024 I,Lääne-Viru maakond,431.0,1132.0,18328704.0
2024 I,Põlva maakond,145.0,396.0,6095741.0
2024 I,Pärnu maakond,501.0,1318.0,43403699.0
2024 I,Rapla maakond,301.0,1426.0,13677219.0
2024 I,Saare maakond,351.0,1454.0,13583142.0
2024 I,Tartu maakond,921.0,841.0,108916788.0
2024 I,Valga maakond,151.0,477.0,4345088.0
2024 I,Viljandi maakond,306.0,994.0,21474961.0
2024 I,Võru maakond,267.0,829.0,10388640.0
2024 II,Harju maakond,4379.0,1789.0,725480585.0
2024 II,Hiiu maakond,88.0,244.0,3048183.0
2024 II,Ida-Viru maakond,988.0,1088.0,31163584.0
2024 II,Jõgeva maakond,250.0,865.0,10084978.0
2024 II,Järva maakond,278.0,1034.0,12876912.0
2024 II,Lääne maakond,254.0,782.0,14414647.0
2024 II,Lääne-Viru maakond,555.0,1473.0,26777416.0
2024 II,Põlva maakond,156.0,815.0,8012892.0
2024 II,Pärnu maakond,713.0,1462.0,62635762.0
2024 II,Rapla maakond,359.0,928.0,19394428.0
2024 II,Saare maakond,313.0,1393.0,22686712.0
2024 II,Tartu maakond,1229.0,1582.0,158967984.0
2024 II,Valga maakond,183.0,483.0,9926832.0
2024 II,Viljandi maakond,401.0,932.0,20193360.0
2024 II,Võru maakond,357.0,1270.0,20281156.0
2024 III,Harju maakond,4472.0,1364.0,789440651.0
2024 III,Hiiu maakond,97.0,280.0,4847795.0
2024 III,Ida-Viru maakond,943.0,522.0,22607080.0
2024 III,Jõgeva maakond,235.0,707.0,9808430.0
2024 III,Järva maakond,262.0,610.0,14337892.0
2024 III,Lääne maakond,250.0,602.0,18681212.0
2024 III,Lääne-Viru maakond,493.0,950.0,24160660.0
2024 III,Põlva maakond,186.0,686.0,8843449.0
2024 III,Pärnu maakond,665.0,1007.0,66623156.0
2024 III,Rapla maakond,312.0,673.0,16079816.0
2024 III,Saare maakond,274.0,727.0,16670210.0
2024 III,Tartu maakond,1410.0,1649.0,183827757.0
2024 III,Valga maakond,191.0,316.0,8502627.0
2024 III,Viljandi maakond,345.0,651.0,19109187.0
2024 III,Võru maakond,350.0,1443.0,21232730.0
2024 IV,Harju maakond,5109.0,2357.0,1206902714.0
2024 IV,Hiiu maakond,73.0,223.0,3803416.0
2024 IV,Ida-Viru maakond,874.0,901.0,35962202.0
2024 IV,Jõgeva maakond,297.0,1566.0,14439392.0
2024 IV,Järva maakond,312.0,1241.0,19152915.0
2024 IV,Lääne maakond,266.0,696.0,17956294.0
2024 IV,Lääne-Viru maakond,667.0,2522.0,35257351.0
2024 IV,Põlva maakond,208.0,707.0,9332416.0
2024 IV,Pärnu maakond,873.0,2772.0,117596538.0
2024 IV,Rapla maakond,401.0,1444.0,18981106.0
2024 IV,Saare maakond,316.0,1048.0,19711769.0
2024 IV,Tartu maakond,1422.0,1658.0,190327341.0
2024 IV,Valga maakond,223.0,944.0,18431182.0
2024 IV,Viljandi maakond,368.0,1442.0,29028764.0
2024 IV,Võru maakond,346.0,1183.0,16965794.0
2025 I,Harju maakond,4271.0,1183.0,795261475.0
2025 I,Hiiu maakond,77.0,259.0,3227161.0
2025 I,Ida-Viru maakond,763.0,530.0,22091487.0
2025 I,Jõgeva maakond,185.0,700.0,9477446.0
2025 I,Järva maakond,209.0,727.0,8800846.0
2025 I,Lääne maakond,165.0,313.0,11924498.0
2025 I,Lääne-Viru maakond,395.0,1011.0,21061969.0
2025 I,Põlva maakond,126.0,314.0,4813448.0
2025 I,Pärnu maakond,583.0,1140.0,50434666.0
2025 I,Rapla maakond,265.0,935.0,24402114.0
2025 I,Saare maakond,240.0,869.0,17793335.0
2025 I,Tartu maakond,1179.0,981.0,156910770.0
2025 I,Valga maakond,165.0,844.0,11029966.0
2025 I,Viljandi maakond,279.0,1003.0,16836470.0
2025 I,Võru maakond,249.0,940.0,12782519.0
2025 II,Harju maakond,4626.0,1150.0,903093281.0
2025 II,Hiiu maakond,93.0,246.0,2817934.0
2025 II,Ida-Viru maakond,806.0,555.0,21342745.0
2025 II,Jõgeva maakond,271.0,1074.0,14358699.0
2025 II,Järva maakond,322.0,1425.0,14021566.0
2025 II,Lääne maakond,219.0,460.0,18465628.0
2025 II,Lääne-Viru maakond,450.0,982.0,22647793.0
2025 II,Põlva maakond,190.0,624.0,8498910.0
2025 II,Pärnu maakond,742.0,1123.0,66444785.0
2025 II,Rapla maakond,363.0,880.0,23721854.0
2025 II,Saare maakond,321.0,1018.0,22805329.0
2025 II,Tartu maakond,1259.0,867.0,185013701.0
2025 II,Valga maakond,193.0,564.0,11073561.0
2025 II,Viljandi maakond,382.0,1128.0,21515206.0
2025 II,Võru maakond,295.0,1065.0,21372963.0
2025 III,Harju maakond,4675.0,881.0,876891927.0
2025 III,Hiiu maakond,80.0,196.0,3902507.0
2025 III,Ida-Viru maakond,906.0,284.0,20863818.0
2025 III,Jõgeva maakond,240.0,754.0,12387901.0
2025 III,Järva maakond,274.0,793.0,17525115.0
2025 III,Lääne maakond,210.0,449.0,12917207.0
2025 III,Lääne-Viru maakond,455.0,588.0,22243978.0
2025 III,Põlva maakond,194.0,375.0,11295794.0
2025 III,Pärnu maakond,798.0,1043.0,65053957.0
2025 III,Rapla maakond,315.0,877.0,21809093.0
2025 III,Saare maakond,288.0,864.0,21890850.0
2025 III,Tartu maakond,1357.0,972.0,193837588.0
2025 III,Valga maakond,242.0,613.0,12941537.0
2025 III,Viljandi maakond,339.0,761.0,19957462.0
2025 III,Võru maakond,377.0,1828.0,29018224.0
2025 IV,Harju maakond,4496.0,1688.0,874294641.0
2025 IV,Hiiu maakond,81.0,127.0,4277757.0
2025 IV,Ida-Viru maakond,835.0,846.0,23588799.0
2025 IV,Jõgeva maakond,365.0,2360.0,24151459.0
2025 IV,Järva maakond,234.0,814.0,15994886.0
2025 IV,Lääne maakond,270.0,1096.0,18591901.0
2025 IV,Lääne-Viru maakond,539.0,1221.0,28336260.0
2025 IV,Põlva maakond,179.0,769.0,8299053.0
2025 IV,Pärnu maakond,683.0,1466.0,63618371.0
2025 IV,Rapla maakond,306.0,1403.0,21981715.0
2025 IV,Saare maakond,324.0,909.0,18577058.0
2025 IV,Tartu maakond,1281.0,2443.0,192319365.0
2025 IV,Valga maakond,204.0,1075.0,14459744.0
2025 IV,Viljandi maakond,333.0,1031.0,21088670.0
2025 IV,Võru maakond,339.0,964.0,14756128.0
2026 I,Harju maakond,4118.0,1067.0,822194644.0
2026 I,Hiiu maakond,35.0,147.0,1494590.0
2026 I,Ida-Viru maakond,692.0,422.0,17725951.0
2026 I,Jõgeva maakond,192.0,609.0,11379212.0
2026 I,Järva maakond,272.0,1195.0,12843883.0
2026 I,Lääne maakond,181.0,444.0,11603777.0
2026 I,Lääne-Viru maakond,399.0,674.0,20292515.0
2026 I,Põlva maakond,136.0,583.0,5764472.0
2026 I,Pärnu maakond,649.0,1263.0,66142212.0
2026 I,Rapla maakond,250.0,1049.0,17864279.0
2026 I,Saare maakond,267.0,1155.0,16791650.0
2026 I,Tartu maakond,1019.0,876.0,156509367.0
2026 I,Valga maakond,154.0,414.0,7229640.0
2026 I,Viljandi maakond,304.0,755.0,16499261.0
2026 I,Võru maakond,355.0,1721.0,17260915.0
2026 II,Harju maakond,1858.0,293.0,356320097.0
2026 II,Hiiu maakond,35.0,126.0,2013000.0
2026 II,Ida-Viru maakond,362.0,617.0,11284918.0
2026 II,Jõgeva maakond,69.0,153.0,2095765.0
2026 II,Järva maakond,130.0,475.0,6657319.0
2026 II,Lääne maakond,109.0,408.0,6903089.0
2026 II,Lääne-Viru maakond,190.0,500.0,9275658.0
2026 II,Põlva maakond,60.0,123.0,1992593.0
2026 II,Pärnu maakond,255.0,683.0,25627485.0
2026 II,Rapla maakond,139.0,516.0,10671157.0
2026 II,Saare maakond,184.0,610.0,8122386.0
2026 II,Tartu maakond,454.0,281.0,76871655.0
2026 II,Valga maakond,93.0,224.0,5575892.0
2026 II,Viljandi maakond,110.0,506.0,7107385.0
2026 II,Võru maakond,113.0,280.0,4299067.0
