"PA117: KESKMINE BRUTOKUUPALK, MEDIAAN JA TÖÖTAJATE ARV | Näitaja, Haldusüksus ning Vaatlusperiood"

"Näitaja","Haldusüksus","2021 I kvartal","2021 II kvartal","2021 III kvartal","2021 IV kvartal","2022 I kvartal","2022 II kvartal","2022 III kvartal","2022 IV kvartal","2023 I kvartal","2023 II kvartal","2023 III kvartal","2023 IV kvartal","2024 I kvartal","2024 II kvartal","2024 III kvartal","2024 IV kvartal","2025 I kvartal","2025 II kvartal","2025 III kvartal","2025 IV kvartal"
"Keskmine brutokuupalk, eurot","Harju maakond",1593,1650,1654,1730,1751,1868,1854,1946,1975,2093,2040,2121,2139,2233,2200,2299,2263,2365,2324,2392
"Keskmine brutokuupalk, eurot","Hiiu maakond",1104,1157,1137,1216,1186,1250,1266,1334,1318,1404,1396,1476,1478,1525,1545,1600,1567,1597,1601,1687
"Keskmine brutokuupalk, eurot","Ida-Viru maakond",1102,1163,1131,1184,1176,1312,1259,1334,1328,1504,1408,1508,1487,1646,1537,1637,1590,1708,1653,1726
"Keskmine brutokuupalk, eurot","Jõgeva maakond",1081,1177,1159,1237,1172,1310,1293,1359,1334,1456,1424,1486,1438,1567,1552,1634,1536,1645,1638,1721
"Keskmine brutokuupalk, eurot","Järva maakond",1168,1273,1271,1357,1249,1402,1404,1471,1423,1564,1528,1594,1558,1661,1646,1729,1643,1758,1761,1826
"Keskmine brutokuupalk, eurot","Lääne maakond",1124,1169,1170,1265,1207,1312,1300,1374,1354,1437,1412,1475,1446,1536,1485,1586,1539,1619,1588,1670
"Keskmine brutokuupalk, eurot","Lääne-Viru maakond",1127,1208,1180,1261,1201,1344,1312,1382,1354,1501,1452,1525,1464,1600,1532,1643,1546,1691,1639,1711
"Keskmine brutokuupalk, eurot","Põlva maakond",1101,1184,1149,1232,1189,1314,1286,1354,1337,1473,1402,1475,1444,1563,1519,1606,1526,1684,1638,1695
"Keskmine brutokuupalk, eurot","Pärnu maakond",1133,1191,1193,1261,1222,1342,1342,1408,1384,1511,1480,1542,1512,1613,1588,1665,1594,1702,1680,1742
"Keskmine brutokuupalk, eurot","Rapla maakond",1150,1248,1199,1284,1217,1367,1339,1436,1383,1545,1454,1557,1481,1632,1569,1688,1565,1747,1681,1795
"Keskmine brutokuupalk, eurot","Saare maakond",1079,1144,1142,1204,1167,1276,1262,1322,1316,1420,1393,1449,1430,1535,1516,1584,1522,1624,1601,1667
"Keskmine brutokuupalk, eurot","Tartu maakond",1394,1498,1441,1561,1516,1680,1614,1750,1730,1889,1790,1941,1888,2039,1962,2092,2023,2175,2060,2191
"Keskmine brutokuupalk, eurot","Valga maakond",1039,1124,1087,1207,1084,1248,1198,1263,1261,1390,1336,1408,1376,1509,1452,1507,1468,1608,1549,1615
"Keskmine brutokuupalk, eurot","Viljandi maakond",1154,1252,1231,1336,1244,1398,1382,1470,1385,1556,1506,1615,1526,1666,1631,1725,1616,1746,1719,1812
"Keskmine brutokuupalk, eurot","Võru maakond",1079,1175,1133,1249,1171,1322,1267,1348,1322,1468,1410,1492,1446,1567,1477,1607,1537,1666,1596,1689
