kuupaev,valuuta,intressimaar_laenusummalt
2005-01-01,EEK,3.67
2005-01-01,EUR,3.46
2005-02-01,EEK,3.78
2005-02-01,EUR,3.49
2005-03-01,EEK,3.76
2005-03-01,EUR,3.31
2005-04-01,EEK,3.79
2005-04-01,EUR,3.02
2005-05-01,EEK,3.91
2005-05-01,EUR,3.05
2005-06-01,EEK,4.13
2005-06-01,EUR,3.08
2005-07-01,EEK,4.21
2005-07-01,EUR,3.18
2005-08-01,EEK,4.19
2005-08-01,EUR,3.29
2005-09-01,EEK,4.05
2005-09-01,EUR,3.23
2005-10-01,EEK,4.17
2005-10-01,EUR,3.19
2005-11-01,EEK,4.03
2005-11-01,EUR,3.38
2005-12-01,EEK,3.61
2005-12-01,EUR,3.51
2006-01-01,EEK,3.63
2006-01-01,EUR,3.63
2006-02-01,EEK,3.65
2006-02-01,EUR,3.71
2006-03-01,EEK,3.64
2006-03-01,EUR,3.88
2006-04-01,EEK,3.85
2006-04-01,EUR,3.98
2006-05-01,EEK,4.31
2006-05-01,EUR,4.01
2006-06-01,EEK,4.34
2006-06-01,EUR,4.14
2006-07-01,EEK,4.47
2006-07-01,EUR,4.29
2006-08-01,EEK,4.43
2006-08-01,EUR,4.49
2006-09-01,EEK,4.39
2006-09-01,EUR,4.55
2006-10-01,EEK,4.18
2006-10-01,EUR,4.68
2006-11-01,EEK,4.18
2006-11-01,EUR,4.82
2006-12-01,EEK,4.37
2006-12-01,EUR,4.89
2007-01-01,EEK,4.41
2007-01-01,EUR,5.06
2007-02-01,EEK,4.86
2007-02-01,EUR,5.17
2007-03-01,EEK,4.92
2007-03-01,EUR,5.19
2007-04-01,EEK,5.02
2007-04-01,EUR,5.25
2007-05-01,EEK,5.41
2007-05-01,EUR,5.39
2007-06-01,EEK,5.57
2007-06-01,EUR,5.48
2007-07-01,EEK,5.78
2007-07-01,EUR,5.6
2007-08-01,EEK,5.96
2007-08-01,EUR,5.75
2007-09-01,EEK,6.04
2007-09-01,EUR,5.85
2007-10-01,EEK,5.94
2007-10-01,EUR,5.93
2007-11-01,EEK,5.94
2007-11-01,EUR,5.81
2007-12-01,EEK,6.26
2007-12-01,EUR,5.85
2008-01-01,EEK,6.51
2008-01-01,EUR,5.62
2008-02-01,EEK,6.62
2008-02-01,EUR,5.46
2008-03-01,EEK,6.98
2008-03-01,EUR,5.45
2008-04-01,EEK,6.72
2008-04-01,EUR,5.56
2008-05-01,EEK,6.2
2008-05-01,EUR,5.67
2008-06-01,EEK,6.21
2008-06-01,EUR,5.91
2008-07-01,EEK,6.61
2008-07-01,EUR,6.2
2008-08-01,EEK,7.0
2008-08-01,EUR,6.28
2008-09-01,EEK,6.81
2008-09-01,EUR,6.34
2008-10-01,EEK,7.11
2008-10-01,EUR,6.35
2008-11-01,EEK,7.15
2008-11-01,EUR,5.85
2008-12-01,EEK,9.25
2008-12-01,EUR,5.27
2009-01-01,EEK,6.77
2009-01-01,EUR,4.94
2009-02-01,EEK,6.62
2009-02-01,EUR,4.48
2009-03-01,EEK,8.86
2009-03-01,EUR,4.18
2009-04-01,EEK,8.9
2009-04-01,EUR,3.82
2009-05-01,EEK,8.16
2009-05-01,EUR,3.95
2009-06-01,EEK,8.06
2009-06-01,EUR,3.82
2009-07-01,EEK,8.26
2009-07-01,EUR,3.89
2009-08-01,EEK,3.7
2009-08-01,EUR,3.58
2009-09-01,EEK,12.5
2009-09-01,EUR,3.56
2009-10-01,EEK,11.11
2009-10-01,EUR,3.48
2009-11-01,EEK,6.57
2009-11-01,EUR,3.45
2009-12-01,EEK,8.05
2009-12-01,EUR,3.32
2010-01-01,EEK,18.31
2010-01-01,EUR,3.66
2010-02-01,EEK,11.25
2010-02-01,EUR,3.54
2010-03-01,EEK,7.72
2010-03-01,EUR,3.56
2010-04-01,EEK,8.91
2010-04-01,EUR,3.51
2010-05-01,EEK,5.87
2010-05-01,EUR,3.59
2010-06-01,EEK,3.04
2010-06-01,EUR,3.36
2010-07-01,EEK,9.13
2010-07-01,EUR,3.54
2010-08-01,EEK,7.07
2010-08-01,EUR,3.51
2010-09-01,EEK,3.13
2010-09-01,EUR,3.44
2010-10-01,EEK,2.62
2010-10-01,EUR,3.41
2010-11-01,EEK,3.75
2010-11-01,EUR,3.45
2010-12-01,EEK,3.13
2010-12-01,EUR,3.43
2011-01-01,EUR,3.37
2011-02-01,EUR,3.4
2011-03-01,EUR,3.46
2011-04-01,EUR,3.4
2011-05-01,EUR,3.44
2011-06-01,EUR,3.41
2011-07-01,EUR,3.48
2011-08-01,EUR,3.48
2011-09-01,EUR,3.4
2011-10-01,EUR,3.38
2011-11-01,EUR,3.4
2011-12-01,EUR,3.45
2012-01-01,EUR,3.42
2012-02-01,EUR,3.27
2012-03-01,EUR,3.14
2012-04-01,EUR,3.06
2012-05-01,EUR,2.95
2012-06-01,EUR,2.9
2012-07-01,EUR,2.9
2012-08-01,EUR,2.66
2012-09-01,EUR,2.68
2012-10-01,EUR,2.66
2012-11-01,EUR,2.51
2012-12-01,EUR,2.57
2013-01-01,EUR,2.54
2013-02-01,EUR,2.54
2013-03-01,EUR,2.57
2013-04-01,EUR,2.66
2013-05-01,EUR,2.45
2013-06-01,EUR,2.48
2013-07-01,EUR,2.52
2013-08-01,EUR,2.56
2013-09-01,EUR,2.53
2013-10-01,EUR,2.59
2013-11-01,EUR,2.65
2013-12-01,EUR,2.47
2014-01-01,EUR,2.55
2014-02-01,EUR,2.53
2014-03-01,EUR,2.56
2014-04-01,EUR,2.59
2014-05-01,EUR,2.63
2014-06-01,EUR,2.54
2014-07-01,EUR,2.47
2014-08-01,EUR,2.46
2014-09-01,EUR,2.36
2014-10-01,EUR,2.25
2014-11-01,EUR,2.18
2014-12-01,EUR,2.2
2015-01-01,EUR,2.29
2015-02-01,EUR,2.2
2015-03-01,EUR,2.19
2015-04-01,EUR,2.22
2015-05-01,EUR,2.3
2015-06-01,EUR,2.27
2015-07-01,EUR,2.25
2015-08-01,EUR,2.34
2015-09-01,EUR,2.28
2015-10-01,EUR,2.25
2015-11-01,EUR,2.18
2015-12-01,EUR,2.2
2016-01-01,EUR,2.2
2016-02-01,EUR,2.2
2016-03-01,EUR,2.24
2016-04-01,EUR,2.25
2016-05-01,EUR,2.24
2016-06-01,EUR,2.34
2016-07-01,EUR,2.41
2016-08-01,EUR,2.4
2016-09-01,EUR,2.36
2016-10-01,EUR,2.3
2016-11-01,EUR,2.27
2016-12-01,EUR,2.18
2017-01-01,EUR,2.18
2017-02-01,EUR,2.26
2017-03-01,EUR,2.31
2017-04-01,EUR,2.32
2017-05-01,EUR,2.33
2017-06-01,EUR,2.37
2017-07-01,EUR,2.44
2017-08-01,EUR,2.42
2017-09-01,EUR,2.42
2017-10-01,EUR,2.38
2017-11-01,EUR,2.32
2017-12-01,EUR,2.32
2018-01-01,EUR,2.38
2018-02-01,EUR,2.33
2018-03-01,EUR,2.38
2018-04-01,EUR,2.42
2018-05-01,EUR,2.45
2018-06-01,EUR,2.5
2018-07-01,EUR,2.52
2018-08-01,EUR,2.6
2018-09-01,EUR,2.54
2018-10-01,EUR,2.47
2018-11-01,EUR,2.45
2018-12-01,EUR,2.41
2019-01-01,EUR,2.47
2019-02-01,EUR,2.48
2019-03-01,EUR,2.48
2019-04-01,EUR,2.53
2019-05-01,EUR,2.57
2019-06-01,EUR,2.59
2019-07-01,EUR,2.59
2019-08-01,EUR,2.63
2019-09-01,EUR,2.6
2019-10-01,EUR,2.59
2019-11-01,EUR,2.48
2019-12-01,EUR,2.42
2020-01-01,EUR,2.57
2020-02-01,EUR,2.52
2020-03-01,EUR,2.46
2020-04-01,EUR,2.39
2020-05-01,EUR,2.59
2020-06-01,EUR,2.63
2020-07-01,EUR,2.58
2020-08-01,EUR,2.54
2020-09-01,EUR,2.47
2020-10-01,EUR,2.37
2020-11-01,EUR,2.35
2020-12-01,EUR,2.31
2021-01-01,EUR,2.28
2021-02-01,EUR,2.2
2021-03-01,EUR,2.17
2021-04-01,EUR,2.19
2021-05-01,EUR,2.21
2021-06-01,EUR,2.2
2021-07-01,EUR,2.21
2021-08-01,EUR,2.17
2021-09-01,EUR,2.12
2021-10-01,EUR,2.1
2021-11-01,EUR,2.03
2021-12-01,EUR,2.04
2022-01-01,EUR,2.03
2022-02-01,EUR,2.03
2022-03-01,EUR,2.02
2022-04-01,EUR,2.04
2022-05-01,EUR,2.06
2022-06-01,EUR,2.15
2022-07-01,EUR,2.39
2022-08-01,EUR,2.68
2022-09-01,EUR,3.19
2022-10-01,EUR,3.56
2022-11-01,EUR,3.96
2022-12-01,EUR,4.13
2023-01-01,EUR,4.46
2023-02-01,EUR,4.72
2023-03-01,EUR,4.84
2023-04-01,EUR,5.01
2023-05-01,EUR,5.2
2023-06-01,EUR,5.39
2023-07-01,EUR,5.61
2023-08-01,EUR,5.65
2023-09-01,EUR,5.74
2023-10-01,EUR,5.83
2023-11-01,EUR,5.86
2023-12-01,EUR,5.69
2024-01-01,EUR,5.7
2024-02-01,EUR,5.67
2024-03-01,EUR,5.62
2024-04-01,EUR,5.56
2024-05-01,EUR,5.5
2024-06-01,EUR,5.44
2024-07-01,EUR,5.38
2024-08-01,EUR,5.26
2024-09-01,EUR,5.05
2024-10-01,EUR,4.83
2024-11-01,EUR,4.6
2024-12-01,EUR,4.4
2025-01-01,EUR,4.34
2025-02-01,EUR,4.22
2025-03-01,EUR,4.11
2025-04-01,EUR,3.97
2025-05-01,EUR,3.84
2025-06-01,EUR,3.72
2025-07-01,EUR,3.71
2025-08-01,EUR,3.71
2025-09-01,EUR,3.67
2025-10-01,EUR,3.67
2025-11-01,EUR,3.69
2025-12-01,EUR,3.67
2026-01-01,EUR,3.69
2026-02-01,EUR,3.69
2026-03-01,EUR,3.81
2026-04-01,EUR,3.95
2026-05-01,EUR,4.02
2026-06-01,EUR,4.05
2026-07-01,EUR,4.14
