"IA002: TARBIJAHINNAINDEKS, 1997 = 100 | Aasta, Kaubagrupp ning Kuu"

"Aasta","Kaubagrupp","Jaanuar","Veebruar","Märts","Aprill","Mai","Juuni","Juuli","August","September","Oktoober","November","Detsember"
"1998","Kokku",105.58,106.59,107.43,107.90,108.28,108.48,109.10,108.95,108.89,109.07,109.05,109.17
"1999","Kokku",110.44,110.74,111.25,111.53,111.90,111.88,111.93,111.74,111.94,112.15,112.51,113.41
"2000","Kokku",114.01,114.05,114.84,114.96,115.15,115.47,116.53,116.69,117.18,118.25,118.95,119.14
"2001","Kokku",120.63,121.00,121.49,122.29,123.13,123.43,123.86,123.80,123.89,123.94,123.88,124.14
"2002","Kokku",125.70,126.37,126.73,127.89,128.23,128.11,127.70,127.07,127.21,127.89,127.69,127.47
"2003","Kokku",128.94,129.37,129.75,129.49,129.06,128.53,128.73,128.68,128.97,129.18,128.99,128.83
"2004","Kokku",129.55,129.95,130.22,131.16,133.87,134.33,133.96,133.85,134.03,134.49,135.04,135.27
"2005","Kokku",135.03,135.82,136.73,137.30,137.56,138.53,139.04,139.45,140.59,140.53,140.32,140.08
"2006","Kokku",141.31,142.01,142.15,143.21,143.98,144.51,145.30,146.41,145.87,145.69,146.84,147.28
"2007","Kokku",148.54,148.72,150.26,151.12,152.18,152.92,154.56,154.75,156.38,158.02,160.18,161.37
"2008","Kokku",164.88,165.46,166.70,168.36,169.36,170.42,171.64,171.83,172.80,173.55,173.03,172.63
"2009","Kokku",171.58,171.01,170.09,168.87,168.90,168.84,170.38,170.35,170.01,169.79,169.43,169.68
"2010","Kokku",170.39,170.75,172.90,173.75,174.05,174.82,175.30,175.31,176.75,177.81,178.40,179.38
"2011","Kokku",179.34,180.50,181.88,183.09,183.36,183.37,184.33,184.87,185.86,185.63,185.83,186.05
"2012","Kokku",187.38,188.10,189.91,190.49,190.37,190.51,190.98,191.92,192.87,193.23,192.60,192.48
"2013","Kokku",193.84,195.04,196.47,196.31,196.71,197.69,197.52,197.49,196.83,196.16,195.44,195.22
"2014","Kokku",195.95,196.19,196.77,196.72,196.90,196.97,196.67,196.07,195.73,195.72,194.22,194.20
"2015","Kokku",193.40,194.53,195.65,196.58,197.01,196.70,195.99,195.42,194.34,194.54,193.92,192.49
"2016","Kokku",192.31,193.63,195.20,195.11,195.24,195.89,195.88,196.01,196.38,195.72,195.93,196.76
"2017","Kokku",197.58,200.16,200.72,201.32,201.68,201.57,202.94,203.70,203.57,203.13,204.19,203.54
"2018","Kokku",204.44,206.31,206.35,207.15,207.80,209.68,209.96,210.96,211.05,212.08,211.04,210.50
"2019","Kokku",209.98,210.33,211.05,213.84,214.30,214.66,214.42,215.94,215.60,215.44,214.90,214.22
"2020","Kokku",213.40,214.45,212.94,212.09,210.67,212.57,212.57,213.94,213.32,212.24,212.49,212.50
"2021","Kokku",213.88,215.71,215.25,216.13,218.16,220.71,223.12,224.73,227.48,227.13,231.26,238.35
"2022","Kokku",238.13,241.59,248.03,256.86,261.80,268.94,274.10,280.42,281.34,278.21,280.61,280.28
"2023","Kokku",282.40,284.00,285.88,291.51,291.44,293.57,291.72,293.31,293.17,291.86,291.86,291.59
"2024","Kokku",295.79,295.81,296.96,299.62,299.88,300.97,301.74,302.80,302.00,303.82,302.56,303.01
"2025","Kokku",307.20,311.50,310.02,313.17,313.37,316.09,318.12,321.41,317.80,317.76,317.26,315.36
"2026","Kokku",318.61,321.10,321.09,323.80,324.99,323.41,325.07,326.25,..,..,..,..
