quarter_id,keskmine_indeks
2005-01-01,135.86
2005-04-01,137.8
2005-07-01,139.69
2005-10-01,140.31
2006-01-01,141.82
2006-04-01,143.9
2006-07-01,145.86
2006-10-01,146.6
2007-01-01,149.17
2007-04-01,152.07
2007-07-01,155.23
2007-10-01,159.86
2008-01-01,165.68
2008-04-01,169.38
2008-07-01,172.09
2008-10-01,173.07
2009-01-01,170.89
2009-04-01,168.87
2009-07-01,170.25
2009-10-01,169.63
2010-01-01,171.35
2010-04-01,174.21
2010-07-01,175.79
2010-10-01,178.53
2011-01-01,180.57
2011-04-01,183.27
2011-07-01,185.02
2011-10-01,185.84
2012-01-01,188.46
2012-04-01,190.46
2012-07-01,191.92
2012-10-01,192.77
2013-01-01,195.12
2013-04-01,196.9
2013-07-01,197.28
2013-10-01,195.61
2014-01-01,196.3
2014-04-01,196.86
2014-07-01,196.16
2014-10-01,194.71
2015-01-01,194.53
2015-04-01,196.76
2015-07-01,195.25
2015-10-01,193.65
2016-01-01,193.71
2016-04-01,195.41
2016-07-01,196.09
2016-10-01,196.14
2017-01-01,199.49
2017-04-01,201.52
2017-07-01,203.4
2017-10-01,203.62
2018-01-01,205.7
2018-04-01,208.21
2018-07-01,210.66
2018-10-01,211.21
2019-01-01,210.45
2019-04-01,214.27
2019-07-01,215.32
2019-10-01,214.85
2020-01-01,213.6
2020-04-01,211.78
2020-07-01,213.28
2020-10-01,212.41
2021-01-01,214.95
2021-04-01,218.33
2021-07-01,225.11
2021-10-01,232.25
2022-01-01,242.58
2022-04-01,262.53
2022-07-01,278.62
2022-10-01,279.7
2023-01-01,284.09
2023-04-01,292.17
2023-07-01,292.73
2023-10-01,291.77
2024-01-01,296.19
2024-04-01,300.16
2024-07-01,302.18
2024-10-01,303.13
2025-01-01,309.57
2025-04-01,314.21
2025-07-01,319.11
2025-10-01,316.79
